Rank,EntryId,EntryName,TimeRemaining,Points,Lineup,,Player,Roster Position,%Drafted,FPTS
1,4485873385,jsaperton,0,116.37,CPT Najee Harris FLEX Malik Nabers FLEX Russell Wilson FLEX Darius Slayton FLEX Steelers  FLEX Tyrone Tracy Jr.,,Russell Wilson,FLEX,72.63%,14.82
2,4485667875,crosova (7/10),0,112.950005,CPT Najee Harris FLEX Malik Nabers FLEX George Pickens FLEX Darius Slayton FLEX Steelers  FLEX Tyrone Tracy Jr.,,Malik Nabers,FLEX,70.95%,14.1
3,4485855791,jozeywales (2/10),0,112.42,CPT Tyrone Tracy Jr. FLEX Malik Nabers FLEX George Pickens FLEX Russell Wilson FLEX Najee Harris FLEX Greg Joseph,,George Pickens,FLEX,67.16%,11.4
3,4485880306,Stalkfleet84 (7/7),0,112.42,CPT Tyrone Tracy Jr. FLEX Malik Nabers FLEX George Pickens FLEX Russell Wilson FLEX Najee Harris FLEX Greg Joseph,,Najee Harris,FLEX,59.16%,19.1
5,4485786384,Tahiem342 (3/5),0,111.97,CPT Najee Harris FLEX Malik Nabers FLEX Russell Wilson FLEX Wan'Dale Robinson FLEX Tyrone Tracy Jr. FLEX Calvin Austin III,,Daniel Jones,FLEX,47.16%,8.66
6,4485886430,ssj262 (9/10),0,109.93,CPT Najee Harris FLEX George Pickens FLEX Russell Wilson FLEX Daniel Jones FLEX Tyrone Tracy Jr. FLEX Calvin Austin III,,Steelers ,FLEX,45.05%,15
7,4485727735,bob4233 (1/2),0,109.87,CPT Najee Harris FLEX George Pickens FLEX Russell Wilson FLEX Steelers  FLEX Chris Boswell FLEX Tyrone Tracy Jr.,,Tyrone Tracy Jr.,FLEX,36.84%,26
7,4485828147,dgkb (4/4),0,109.87,CPT Najee Harris FLEX George Pickens FLEX Russell Wilson FLEX Steelers  FLEX Chris Boswell FLEX Tyrone Tracy Jr.,,Wan'Dale Robinson,FLEX,32.00%,8
9,4485799057,mvandygriff (5/10),0,109.68,CPT Tyrone Tracy Jr. FLEX Malik Nabers FLEX Russell Wilson FLEX Daniel Jones FLEX Najee Harris FLEX Chris Boswell,,Chris Boswell,FLEX,31.16%,14
9,4485893548,zolika13 (5/10),0,109.68,CPT Tyrone Tracy Jr. FLEX Malik Nabers FLEX Russell Wilson FLEX Daniel Jones FLEX Najee Harris FLEX Greg Joseph,,Pat Freiermuth,FLEX,25.68%,3.9
11,4485886425,ssj262 (4/10),0,109.270004,CPT Najee Harris FLEX George Pickens FLEX Russell Wilson FLEX Wan'Dale Robinson FLEX Tyrone Tracy Jr. FLEX Calvin Austin III,,Giants ,FLEX,20.42%,6
12,4485882231,ynot4greg21 (4/10),0,108.619995,CPT Tyrone Tracy Jr. FLEX Malik Nabers FLEX George Pickens FLEX Russell Wilson FLEX Najee Harris FLEX Van Jefferson,,Jaylen Warren,FLEX,18.74%,7.9
13,4485682628,vx200 (4/6),0,108.270004,CPT Najee Harris FLEX Malik Nabers FLEX Russell Wilson FLEX Devin Singletary FLEX Tyrone Tracy Jr. FLEX Calvin Austin III,,Calvin Austin III,CPT,15.58%,30.6
14,4485867479,Briangal1 (2/4),0,107.979996,CPT Tyrone Tracy Jr. FLEX George Pickens FLEX Russell Wilson FLEX Daniel Jones FLEX Najee Harris FLEX Steelers ,,Greg Joseph,FLEX,12.00%,14
14,4485886427,ssj262 (6/10),0,107.979996,CPT Tyrone Tracy Jr. FLEX George Pickens FLEX Russell Wilson FLEX Daniel Jones FLEX Najee Harris FLEX Steelers ,,Theo Johnson,FLEX,8.84%,6.5
16,4485871048,Yeti_75 (10/10),0,107.82,CPT Steelers  FLEX George Pickens FLEX Russell Wilson FLEX Najee Harris FLEX Chris Boswell FLEX Tyrone Tracy Jr.,,Van Jefferson,CPT,7.79%,15.3
17,4485904777,a_rucker (8/10),0,107.729996,CPT Russell Wilson FLEX George Pickens FLEX Najee Harris FLEX Steelers  FLEX Chris Boswell FLEX Tyrone Tracy Jr.,,Darius Slayton,FLEX,7.79%,17.8
18,4485716877,Rick8017 (1/2),0,107.1,CPT Steelers  FLEX Malik Nabers FLEX George Pickens FLEX Najee Harris FLEX Chris Boswell FLEX Tyrone Tracy Jr.,,Devin Singletary,FLEX,6.74%,4.3
19,4485694079,smoeller16 (5/10),0,106.42,CPT Tyrone Tracy Jr. FLEX George Pickens FLEX Russell Wilson FLEX Najee Harris FLEX Devin Singletary FLEX Darius Slayton,,Darnell Washington,FLEX,4.21%,3.9
20,4485799058,mvandygriff (6/10),0,106.26,CPT Tyrone Tracy Jr. FLEX Malik Nabers FLEX George Pickens FLEX Daniel Jones FLEX Najee Harris FLEX Chris Boswell,,Jalin Hyatt,FLEX,3.58%,0
21,4485744589,Beefy355 (5/10),0,106.07,CPT Najee Harris FLEX George Pickens FLEX Russell Wilson FLEX Steelers  FLEX Tyrone Tracy Jr. FLEX Van Jefferson,,Daniel Bellinger,FLEX,2.11%,0
22,4485718241,gwbrown1956 (2/4),0,106.02,CPT George Pickens FLEX Russell Wilson FLEX Najee Harris FLEX Steelers  FLEX Chris Boswell FLEX Tyrone Tracy Jr.,,MyCole Pruitt,FLEX,1.68%,2
22,4485740651,bob4233 (2/2),0,106.02,CPT George Pickens FLEX Russell Wilson FLEX Najee Harris FLEX Steelers  FLEX Chris Boswell FLEX Tyrone Tracy Jr.,,Scotty Miller,FLEX,1.05%,0
22,4485781319,banewton25 (2/2),0,106.02,CPT George Pickens FLEX Russell Wilson FLEX Najee Harris FLEX Steelers  FLEX Chris Boswell FLEX Tyrone Tracy Jr.,,Connor Heyward,FLEX,0.63%,0
22,4485828145,dgkb (2/4),0,106.02,CPT George Pickens FLEX Russell Wilson FLEX Najee Harris FLEX Steelers  FLEX Chris Boswell FLEX Tyrone Tracy Jr.,,Eric Gray,FLEX,0.42%,1.3
26,4485729224,jrent23 (2/3),0,105.299995,CPT George Pickens FLEX Malik Nabers FLEX Najee Harris FLEX Steelers  FLEX Chris Boswell FLEX Tyrone Tracy Jr.,,Chris Manhertz,FLEX,0.21%,0
26,4485729225,jrent23 (3/3),0,105.299995,CPT George Pickens FLEX Malik Nabers FLEX Najee Harris FLEX Steelers  FLEX Greg Joseph FLEX Tyrone Tracy Jr.,,Ihmir Smith-Marsette,FLEX,0.21%,0
26,4485893485,aj.benavidez,0,105.299995,CPT George Pickens FLEX Malik Nabers FLEX Najee Harris FLEX Steelers  FLEX Chris Boswell FLEX Tyrone Tracy Jr.,,Jonathan Ward,FLEX,0.21%,0
29,4485667878,crosova (10/10),0,105.02,CPT Calvin Austin III FLEX Malik Nabers FLEX George Pickens FLEX Russell Wilson FLEX Najee Harris FLEX Steelers ,,,
30,4485882233,ynot4greg21 (6/10),0,104.42,CPT Tyrone Tracy Jr. FLEX Malik Nabers FLEX George Pickens FLEX Russell Wilson FLEX Najee Harris FLEX Giants ,,,
30,4485893546,zolika13 (3/10),0,104.42,CPT Tyrone Tracy Jr. FLEX Malik Nabers FLEX George Pickens FLEX Russell Wilson FLEX Najee Harris FLEX Giants ,,,
32,4485857694,Stalkfleet84 (1/7),0,104.02,CPT Calvin Austin III FLEX Malik Nabers FLEX George Pickens FLEX Russell Wilson FLEX Najee Harris FLEX Chris Boswell,,,
33,4485871040,Yeti_75 (2/10),0,103.92999,CPT Russell Wilson FLEX George Pickens FLEX Najee Harris FLEX Steelers  FLEX Tyrone Tracy Jr. FLEX Van Jefferson,,,
34,4485855793,jozeywales (4/10),0,103.91,CPT Malik Nabers FLEX Daniel Jones FLEX Najee Harris FLEX Steelers  FLEX Chris Boswell FLEX Tyrone Tracy Jr.,,,
34,4485904096,a_rucker (6/10),0,103.91,CPT Malik Nabers FLEX Daniel Jones FLEX Najee Harris FLEX Steelers  FLEX Chris Boswell FLEX Tyrone Tracy Jr.,,,
36,4485818951,meyers2305 (9/10),0,102.91,CPT Malik Nabers FLEX Daniel Jones FLEX Najee Harris FLEX Chris Boswell FLEX Greg Joseph FLEX Tyrone Tracy Jr.,,,
37,4485882151,BlkYeezus (2/6),0,102.82,CPT Steelers  FLEX Malik Nabers FLEX George Pickens FLEX Russell Wilson FLEX Chris Boswell FLEX Tyrone Tracy Jr.,,,
38,4485834139,LucasJackson2405,0,102.729996,CPT Russell Wilson FLEX Malik Nabers FLEX George Pickens FLEX Steelers  FLEX Chris Boswell FLEX Tyrone Tracy Jr.,,,
39,4485792376,RickyTheGini,0,102.47,CPT Najee Harris FLEX Malik Nabers FLEX Russell Wilson FLEX Pat Freiermuth FLEX Steelers  FLEX Tyrone Tracy Jr.,,,
40,4485721325,the_monkey_man,0,102.32,CPT Steelers  FLEX Malik Nabers FLEX George Pickens FLEX Russell Wilson FLEX Najee Harris FLEX Calvin Austin III,,,
40,4485735158,jydma (7/9),0,102.32,CPT Steelers  FLEX Malik Nabers FLEX George Pickens FLEX Russell Wilson FLEX Najee Harris FLEX Calvin Austin III,,,
40,4485791267,toniok12,0,102.32,CPT Steelers  FLEX Malik Nabers FLEX George Pickens FLEX Russell Wilson FLEX Najee Harris FLEX Calvin Austin III,,,
40,4485817695,mrohrbach73 (5/10),0,102.32,CPT Steelers  FLEX Malik Nabers FLEX George Pickens FLEX Russell Wilson FLEX Najee Harris FLEX Calvin Austin III,,,
44,4485834919,MarcoRacin,0,102.229996,CPT Russell Wilson FLEX Malik Nabers FLEX Najee Harris FLEX Darius Slayton FLEX Steelers  FLEX Chris Boswell,,,
45,4485901808,rcdog (1/2),0,101.85,CPT Najee Harris FLEX Malik Nabers FLEX George Pickens FLEX Pat Freiermuth FLEX Darius Slayton FLEX Tyrone Tracy Jr.,,,
46,4485786399,jonjarvis,0,101.82,CPT Steelers  FLEX George Pickens FLEX Russell Wilson FLEX Najee Harris FLEX Wan'Dale Robinson FLEX Tyrone Tracy Jr.,,,
47,4485746579,SugarBuzzz,0,101.47,CPT Najee Harris FLEX Malik Nabers FLEX George Pickens FLEX Russell Wilson FLEX Tyrone Tracy Jr. FLEX Theo Johnson,,,
47,4485778101,thizzhyphy,0,101.47,CPT Najee Harris FLEX Malik Nabers FLEX George Pickens FLEX Russell Wilson FLEX Tyrone Tracy Jr. FLEX Theo Johnson,,,
47,4485792939,fluffhead009,0,101.47,CPT Najee Harris FLEX Malik Nabers FLEX George Pickens FLEX Russell Wilson FLEX Tyrone Tracy Jr. FLEX Theo Johnson,,,
50,4485682627,vx200 (3/6),0,101.28,CPT Calvin Austin III FLEX Malik Nabers FLEX Russell Wilson FLEX Daniel Jones FLEX Najee Harris FLEX Chris Boswell,,,
51,4485667873,crosova (5/10),0,101.1,CPT Steelers  FLEX Malik Nabers FLEX George Pickens FLEX Najee Harris FLEX Wan'Dale Robinson FLEX Tyrone Tracy Jr.,,,
52,4485718243,gwbrown1956 (4/4),0,101.03,CPT Najee Harris FLEX Russell Wilson FLEX Daniel Jones FLEX Jaylen Warren FLEX Steelers  FLEX Tyrone Tracy Jr.,,,
53,4485744879,freemanrebels,0,101.02,CPT George Pickens FLEX Malik Nabers FLEX Russell Wilson FLEX Steelers  FLEX Chris Boswell FLEX Tyrone Tracy Jr.,,,
53,4485811038,bniced (10/10),0,101.02,CPT George Pickens FLEX Malik Nabers FLEX Russell Wilson FLEX Steelers  FLEX Chris Boswell FLEX Tyrone Tracy Jr.,,,
53,4485818944,meyers2305 (2/10),0,101.02,CPT George Pickens FLEX Malik Nabers FLEX Russell Wilson FLEX Steelers  FLEX Chris Boswell FLEX Tyrone Tracy Jr.,,,
53,4485885207,BlkYeezus (5/6),0,101.02,CPT George Pickens FLEX Malik Nabers FLEX Russell Wilson FLEX Steelers  FLEX Chris Boswell FLEX Tyrone Tracy Jr.,,,
57,4485842609,bssmith23 (7/10),0,100.979996,CPT Chris Boswell FLEX George Pickens FLEX Russell Wilson FLEX Daniel Jones FLEX Najee Harris FLEX Tyrone Tracy Jr.,,,
58,4485882234,ynot4greg21 (7/10),0,100.82,CPT Chris Boswell FLEX Malik Nabers FLEX George Pickens FLEX Russell Wilson FLEX Najee Harris FLEX Calvin Austin III,,,
59,4485867480,Briangal1 (3/4),0,100.32,CPT George Pickens FLEX Malik Nabers FLEX Russell Wilson FLEX Jaylen Warren FLEX Tyrone Tracy Jr. FLEX Calvin Austin III,,,
59,4485890732,BlkYeezus (6/6),0,100.32,CPT Tyrone Tracy Jr. FLEX Malik Nabers FLEX George Pickens FLEX Russell Wilson FLEX Steelers  FLEX Giants ,,,
61,4485744587,Beefy355 (3/10),0,100.26,CPT Wan'Dale Robinson FLEX Malik Nabers FLEX Daniel Jones FLEX Najee Harris FLEX Tyrone Tracy Jr. FLEX Calvin Austin III,,,
62,4485842606,bssmith23 (4/10),0,100.13,CPT Najee Harris FLEX Russell Wilson FLEX Daniel Jones FLEX Wan'Dale Robinson FLEX Chris Boswell FLEX Tyrone Tracy Jr.,,,
63,4485799055,mvandygriff (3/10),0,99.97,CPT Malik Nabers FLEX Russell Wilson FLEX Najee Harris FLEX Pat Freiermuth FLEX Steelers  FLEX Tyrone Tracy Jr.,,,
63,4485842604,bssmith23 (2/10),0,99.97,CPT Malik Nabers FLEX Russell Wilson FLEX Najee Harris FLEX Pat Freiermuth FLEX Steelers  FLEX Tyrone Tracy Jr.,,,
65,4485708186,TuanDang,0,99.77,CPT Najee Harris FLEX George Pickens FLEX Russell Wilson FLEX Pat Freiermuth FLEX Steelers  FLEX Tyrone Tracy Jr.,,,
65,4485743947,laggeler,0,99.77,CPT Najee Harris FLEX George Pickens FLEX Russell Wilson FLEX Pat Freiermuth FLEX Steelers  FLEX Tyrone Tracy Jr.,,,
67,4485798879,xMarino,0,99.53,CPT Russell Wilson FLEX George Pickens FLEX Najee Harris FLEX Darius Slayton FLEX Steelers  FLEX Chris Boswell,,,
67,4485878219,emptypockets1,0,99.53,CPT Russell Wilson FLEX George Pickens FLEX Najee Harris FLEX Darius Slayton FLEX Steelers  FLEX Chris Boswell,,,
69,4485849862,BCeltics00 (7/10),0,99.310005,CPT Najee Harris FLEX Malik Nabers FLEX Daniel Jones FLEX Jaylen Warren FLEX Chris Boswell FLEX Tyrone Tracy Jr.,,,
70,4485786383,Tahiem342 (2/5),0,98.979996,CPT Tyrone Tracy Jr. FLEX George Pickens FLEX Russell Wilson FLEX Daniel Jones FLEX Najee Harris FLEX Giants ,,,
71,4485818949,meyers2305 (7/10),0,98.93,CPT Malik Nabers FLEX Russell Wilson FLEX Daniel Jones FLEX Jaylen Warren FLEX Tyrone Tracy Jr. FLEX Calvin Austin III,,,
71,4485904658,a_rucker (7/10),0,98.93,CPT Malik Nabers FLEX Russell Wilson FLEX Daniel Jones FLEX Jaylen Warren FLEX Tyrone Tracy Jr. FLEX Calvin Austin III,,,
73,4485798695,tab8385 (3/9),0,98.92,CPT Tyrone Tracy Jr. FLEX Malik Nabers FLEX Russell Wilson FLEX Najee Harris FLEX Wan'Dale Robinson FLEX Pat Freiermuth,,,
74,4485781984,pilarch2 (1/2),0,98.77,CPT Najee Harris FLEX George Pickens FLEX Russell Wilson FLEX Pat Freiermuth FLEX Chris Boswell FLEX Tyrone Tracy Jr.,,,
75,4485893547,zolika13 (4/10),0,98.73,CPT Najee Harris FLEX Malik Nabers FLEX Russell Wilson FLEX Daniel Jones FLEX Tyrone Tracy Jr. FLEX Theo Johnson,,,
76,4485757051,Tayhar (10/10),0,98.520004,CPT Steelers  FLEX Malik Nabers FLEX Russell Wilson FLEX Najee Harris FLEX Chris Boswell FLEX Greg Joseph,,,
77,4485744588,Beefy355 (4/10),0,98.270004,CPT Najee Harris FLEX George Pickens FLEX Russell Wilson FLEX Wan'Dale Robinson FLEX Steelers  FLEX Calvin Austin III,,,
77,4485870762,Stalkfleet84 (3/7),0,98.270004,CPT Najee Harris FLEX George Pickens FLEX Russell Wilson FLEX Wan'Dale Robinson FLEX Steelers  FLEX Calvin Austin III,,,
79,4485882228,ynot4greg21 (1/10),0,98.18,CPT Tyrone Tracy Jr. FLEX Malik Nabers FLEX George Pickens FLEX Russell Wilson FLEX Daniel Jones FLEX Van Jefferson,,,
80,4485898748,kmcdermitt87 (3/4),0,98.17,CPT Jaylen Warren FLEX George Pickens FLEX Russell Wilson FLEX Najee Harris FLEX Steelers  FLEX Tyrone Tracy Jr.,,,
81,4485666585,larrydr (6/10),0,97.98,CPT Van Jefferson FLEX Malik Nabers FLEX Russell Wilson FLEX Daniel Jones FLEX Najee Harris FLEX Tyrone Tracy Jr.,,,
82,4485798645,Naomi3294 (1/3),0,97.82,CPT George Pickens FLEX Russell Wilson FLEX Najee Harris FLEX Darius Slayton FLEX Steelers  FLEX Chris Boswell,,,
83,4485784151,pilarch2 (2/2),0,97.630005,CPT Russell Wilson FLEX George Pickens FLEX Najee Harris FLEX Pat Freiermuth FLEX Steelers  FLEX Tyrone Tracy Jr.,,,
84,4485792976,csajato (2/2),0,97.61,CPT Najee Harris FLEX George Pickens FLEX Daniel Jones FLEX Jaylen Warren FLEX Steelers  FLEX Tyrone Tracy Jr.,,,
85,4485870821,Stalkfleet84 (4/7),0,97.450005,CPT Najee Harris FLEX Malik Nabers FLEX George Pickens FLEX Jaylen Warren FLEX Steelers  FLEX Calvin Austin III,,,
86,4485897640,steelcurtain8901,0,97.32,CPT Wan'Dale Robinson FLEX George Pickens FLEX Russell Wilson FLEX Najee Harris FLEX Chris Boswell FLEX Tyrone Tracy Jr.,,,
87,4485694581,DigitalWINN (9/10),0,96.97,CPT Najee Harris FLEX Malik Nabers FLEX George Pickens FLEX Russell Wilson FLEX Tyrone Tracy Jr. FLEX MyCole Pruitt,,,
88,4485674257,timothy.beechler (2/2),0,96.83,CPT Najee Harris FLEX Malik Nabers FLEX Russell Wilson FLEX Daniel Jones FLEX Van Jefferson FLEX Calvin Austin III,,,
88,4485817696,mrohrbach73 (6/10),0,96.83,CPT Najee Harris FLEX Malik Nabers FLEX Russell Wilson FLEX Daniel Jones FLEX Van Jefferson FLEX Calvin Austin III,,,
90,4485842607,bssmith23 (5/10),0,96.810005,CPT Malik Nabers FLEX Daniel Jones FLEX Najee Harris FLEX Jaylen Warren FLEX Greg Joseph FLEX Tyrone Tracy Jr.,,,
90,4485849860,BCeltics00 (5/10),0,96.810005,CPT Malik Nabers FLEX Daniel Jones FLEX Najee Harris FLEX Jaylen Warren FLEX Greg Joseph FLEX Tyrone Tracy Jr.,,,
92,4485799056,mvandygriff (4/10),0,96.55,CPT Malik Nabers FLEX George Pickens FLEX Najee Harris FLEX Pat Freiermuth FLEX Steelers  FLEX Tyrone Tracy Jr.,,,
93,4485875452,danvita50 (8/10),0,96.310005,CPT Najee Harris FLEX Malik Nabers FLEX Daniel Jones FLEX Pat Freiermuth FLEX Steelers  FLEX Tyrone Tracy Jr.,,,
94,4485705621,ArtfulPossum (6/10),0,96.23,CPT Malik Nabers FLEX Russell Wilson FLEX Daniel Jones FLEX Najee Harris FLEX Tyrone Tracy Jr. FLEX Theo Johnson,,,
94,4485799060,mvandygriff (8/10),0,96.23,CPT Malik Nabers FLEX Russell Wilson FLEX Daniel Jones FLEX Najee Harris FLEX Tyrone Tracy Jr. FLEX Theo Johnson,,,
94,4485875145,79Cosmo,0,96.23,CPT Malik Nabers FLEX Russell Wilson FLEX Daniel Jones FLEX Najee Harris FLEX Tyrone Tracy Jr. FLEX Theo Johnson,,,
97,4485893544,zolika13 (1/10),0,96.21,CPT Malik Nabers FLEX George Pickens FLEX Daniel Jones FLEX Steelers  FLEX Greg Joseph FLEX Tyrone Tracy Jr.,,,
98,4485818952,meyers2305 (10/10),0,96.130005,CPT Najee Harris FLEX Malik Nabers FLEX Russell Wilson FLEX Daniel Jones FLEX Tyrone Tracy Jr. FLEX Darnell Washington,,,
98,4485871092,Stalkfleet84 (6/7),0,96.130005,CPT Russell Wilson FLEX George Pickens FLEX Najee Harris FLEX Wan'Dale Robinson FLEX Steelers  FLEX Calvin Austin III,,,
100,4485896808,a_rucker (5/10),0,96.12,CPT Tyrone Tracy Jr. FLEX George Pickens FLEX Russell Wilson FLEX Wan'Dale Robinson FLEX Jaylen Warren FLEX Steelers ,,,
101,4485781318,banewton25 (1/2),0,95.92,CPT George Pickens FLEX Russell Wilson FLEX Najee Harris FLEX Pat Freiermuth FLEX Steelers  FLEX Tyrone Tracy Jr.,,,
102,4485714782,golfgolf43,0,95.82,CPT Steelers  FLEX George Pickens FLEX Russell Wilson FLEX Najee Harris FLEX Chris Boswell FLEX Greg Joseph,,,
103,4485905397,a_rucker (10/10),0,95.78,CPT Tyrone Tracy Jr. FLEX George Pickens FLEX Russell Wilson FLEX Daniel Jones FLEX Jaylen Warren FLEX Chris Boswell,,,
104,4485757047,Tayhar (6/10),0,95.729996,CPT Russell Wilson FLEX George Pickens FLEX Najee Harris FLEX Darius Slayton FLEX Steelers  FLEX Van Jefferson,,,
105,4485919933,packmanmatt (1/2),0,95.55,CPT Malik Nabers FLEX George Pickens FLEX Najee Harris FLEX Pat Freiermuth FLEX Chris Boswell FLEX Tyrone Tracy Jr.,,,
106,4485882563,broskidino (5/10),0,95.51,CPT Malik Nabers FLEX George Pickens FLEX Daniel Jones FLEX Jaylen Warren FLEX Tyrone Tracy Jr. FLEX Calvin Austin III,,,
107,4485756432,Tayhar (4/10),0,95.42,CPT George Pickens FLEX Malik Nabers FLEX Russell Wilson FLEX Steelers  FLEX Chris Boswell FLEX Calvin Austin III,,,
108,4485809668,bniced (8/10),0,95.28,CPT Van Jefferson FLEX George Pickens FLEX Russell Wilson FLEX Daniel Jones FLEX Najee Harris FLEX Tyrone Tracy Jr.,,,
109,4485667870,crosova (2/10),0,95.17,CPT Malik Nabers FLEX Russell Wilson FLEX Najee Harris FLEX Pat Freiermuth FLEX Tyrone Tracy Jr. FLEX Van Jefferson,,,
110,4485867481,Briangal1 (4/4),0,94.950005,CPT Malik Nabers FLEX George Pickens FLEX Najee Harris FLEX Jaylen Warren FLEX Steelers  FLEX Calvin Austin III,,,
111,4485694575,DigitalWINN (3/10),0,94.83,CPT Russell Wilson FLEX Malik Nabers FLEX George Pickens FLEX Najee Harris FLEX Tyrone Tracy Jr. FLEX MyCole Pruitt,,,
112,4485888350,a_rucker (2/10),0,94.77,CPT Jaylen Warren FLEX Russell Wilson FLEX Najee Harris FLEX Wan'Dale Robinson FLEX Steelers  FLEX Tyrone Tracy Jr.,,,
113,4485802998,peterbelitz (7/10),0,94.729996,CPT Russell Wilson FLEX George Pickens FLEX Najee Harris FLEX Darius Slayton FLEX Chris Boswell FLEX Van Jefferson,,,
114,4485871047,Yeti_75 (9/10),0,94.71,CPT Najee Harris FLEX Malik Nabers FLEX Daniel Jones FLEX Jaylen Warren FLEX Steelers  FLEX Calvin Austin III,,,
115,4485893052,Lakeith,0,94.65,CPT Malik Nabers FLEX George Pickens FLEX Najee Harris FLEX Steelers  FLEX Chris Boswell FLEX Greg Joseph,,,
116,4485788217,bnewt_39,0,94.619995,CPT George Pickens FLEX Russell Wilson FLEX Pat Freiermuth FLEX Darius Slayton FLEX Steelers  FLEX Tyrone Tracy Jr.,,,
117,4485666581,larrydr (2/10),0,94.58,CPT Calvin Austin III FLEX Malik Nabers FLEX George Pickens FLEX Russell Wilson FLEX Daniel Jones FLEX Steelers ,,,
117,4485891327,smilesp12 (10/10),0,94.58,CPT Calvin Austin III FLEX Malik Nabers FLEX George Pickens FLEX Russell Wilson FLEX Daniel Jones FLEX Steelers ,,,
119,4485828146,dgkb (3/4),0,94.42,CPT George Pickens FLEX Russell Wilson FLEX Najee Harris FLEX Wan'Dale Robinson FLEX Steelers  FLEX Calvin Austin III,,,
120,4485798698,tab8385 (6/9),0,94.130005,CPT Russell Wilson FLEX Malik Nabers FLEX Najee Harris FLEX Devin Singletary FLEX Chris Boswell FLEX Calvin Austin III,,,
121,4485853734,jrankin101,0,94.02,CPT George Pickens FLEX Russell Wilson FLEX Najee Harris FLEX Steelers  FLEX Chris Boswell FLEX Greg Joseph,,,
122,4485705622,ArtfulPossum (7/10),0,93.979996,CPT Tyrone Tracy Jr. FLEX Malik Nabers FLEX George Pickens FLEX Russell Wilson FLEX Daniel Jones FLEX Giants ,,,
122,4485788968,jmoney2186 (2/10),0,93.979996,CPT Tyrone Tracy Jr. FLEX Malik Nabers FLEX George Pickens FLEX Russell Wilson FLEX Daniel Jones FLEX Giants ,,,
122,4485875449,danvita50 (5/10),0,93.979996,CPT Tyrone Tracy Jr. FLEX Malik Nabers FLEX George Pickens FLEX Russell Wilson FLEX Daniel Jones FLEX Giants ,,,
122,4485882230,ynot4greg21 (3/10),0,93.979996,CPT Tyrone Tracy Jr. FLEX Malik Nabers FLEX George Pickens FLEX Russell Wilson FLEX Daniel Jones FLEX Giants ,,,
126,4485893553,zolika13 (10/10),0,93.89,CPT Russell Wilson FLEX George Pickens FLEX Daniel Jones FLEX Najee Harris FLEX Tyrone Tracy Jr. FLEX Theo Johnson,,,
127,4485817693,mrohrbach73 (3/10),0,93.810005,CPT Malik Nabers FLEX Daniel Jones FLEX Najee Harris FLEX Pat Freiermuth FLEX Steelers  FLEX Tyrone Tracy Jr.,,,
128,4485666582,larrydr (3/10),0,93.58,CPT Calvin Austin III FLEX Malik Nabers FLEX George Pickens FLEX Russell Wilson FLEX Daniel Jones FLEX Chris Boswell,,,
129,4485893549,zolika13 (6/10),0,93.51,CPT Daniel Jones FLEX Malik Nabers FLEX Russell Wilson FLEX Najee Harris FLEX Tyrone Tracy Jr. FLEX Theo Johnson,,,
130,4485694573,DigitalWINN (1/10),0,93.23001,CPT Russell Wilson FLEX Malik Nabers FLEX Najee Harris FLEX Jaylen Warren FLEX Tyrone Tracy Jr. FLEX Darnell Washington,,,
131,4485882564,broskidino (6/10),0,93.17,CPT Jaylen Warren FLEX Malik Nabers FLEX George Pickens FLEX Russell Wilson FLEX Steelers  FLEX Tyrone Tracy Jr.,,,
131,4485912144,carlbailey,0,93.17,CPT Jaylen Warren FLEX Malik Nabers FLEX George Pickens FLEX Russell Wilson FLEX Steelers  FLEX Tyrone Tracy Jr.,,,
133,4485744594,Beefy355 (10/10),0,93.11,CPT Malik Nabers FLEX Daniel Jones FLEX Najee Harris FLEX Wan'Dale Robinson FLEX Tyrone Tracy Jr. FLEX Van Jefferson,,,
134,4485779964,jeremyloethen,0,92.99,CPT Daniel Jones FLEX Malik Nabers FLEX Najee Harris FLEX Darius Slayton FLEX Steelers  FLEX Chris Boswell,,,
135,4485799061,mvandygriff (9/10),0,92.87,CPT Malik Nabers FLEX George Pickens FLEX Russell Wilson FLEX Najee Harris FLEX Giants  FLEX Calvin Austin III,,,
136,4485870917,Stalkfleet84 (5/7),0,92.72,CPT Wan'Dale Robinson FLEX George Pickens FLEX Russell Wilson FLEX Najee Harris FLEX Steelers  FLEX Calvin Austin III,,,
137,4485893545,zolika13 (2/10),0,92.630005,CPT Najee Harris FLEX Malik Nabers FLEX Russell Wilson FLEX Daniel Jones FLEX Giants  FLEX Calvin Austin III,,,
138,4485882152,BlkYeezus (3/6),0,92.57,CPT Najee Harris FLEX Malik Nabers FLEX Russell Wilson FLEX Steelers  FLEX Chris Boswell FLEX Giants ,,,
139,4485842612,bssmith23 (10/10),0,92.520004,CPT Steelers  FLEX Malik Nabers FLEX Russell Wilson FLEX Najee Harris FLEX Wan'Dale Robinson FLEX Chris Boswell,,,
140,4485893552,zolika13 (9/10),0,92.479996,CPT Calvin Austin III FLEX George Pickens FLEX Russell Wilson FLEX Daniel Jones FLEX Najee Harris FLEX Jaylen Warren,,,
141,4485751095,flutiescurse (1/2),0,92.42,CPT Steelers  FLEX Malik Nabers FLEX Russell Wilson FLEX Najee Harris FLEX Jaylen Warren FLEX Chris Boswell,,,
142,4485704359,czaman (1/3),0,92.229996,CPT Najee Harris FLEX Russell Wilson FLEX Daniel Jones FLEX Pat Freiermuth FLEX Tyrone Tracy Jr. FLEX Van Jefferson,,,
143,4485886422,ssj262 (1/10),0,92.18,CPT George Pickens FLEX Russell Wilson FLEX Daniel Jones FLEX Najee Harris FLEX Tyrone Tracy Jr. FLEX Theo Johnson,,,
143,4485893550,zolika13 (7/10),0,92.18,CPT George Pickens FLEX Russell Wilson FLEX Daniel Jones FLEX Najee Harris FLEX Tyrone Tracy Jr. FLEX Theo Johnson,,,
145,4485798696,tab8385 (4/9),0,92.020004,CPT Chris Boswell FLEX Malik Nabers FLEX Russell Wilson FLEX Najee Harris FLEX Wan'Dale Robinson FLEX Steelers ,,,
145,4485794953,bniced (5/10),0,92.02,CPT George Pickens FLEX Malik Nabers FLEX Russell Wilson FLEX Najee Harris FLEX Calvin Austin III FLEX Theo Johnson,,,
147,4485735157,jydma (6/9),0,91.88,CPT Steelers  FLEX Malik Nabers FLEX George Pickens FLEX Russell Wilson FLEX Daniel Jones FLEX Calvin Austin III,,,
147,4485756429,Tayhar (1/10),0,91.88,CPT Steelers  FLEX Malik Nabers FLEX George Pickens FLEX Russell Wilson FLEX Daniel Jones FLEX Calvin Austin III,,,
147,4485865742,jd197305,0,91.88,CPT Steelers  FLEX Malik Nabers FLEX George Pickens FLEX Russell Wilson FLEX Daniel Jones FLEX Calvin Austin III,,,
150,4485728728,Rick8017 (2/2),0,91.65,CPT Malik Nabers FLEX George Pickens FLEX Najee Harris FLEX Wan'Dale Robinson FLEX Tyrone Tracy Jr. FLEX Giants ,,,
151,4485871075,voligirl13,0,91.630005,CPT Russell Wilson FLEX Malik Nabers FLEX George Pickens FLEX Pat Freiermuth FLEX Chris Boswell FLEX Tyrone Tracy Jr.,,,
151,4485875453,danvita50 (9/10),0,91.630005,CPT Russell Wilson FLEX Malik Nabers FLEX George Pickens FLEX Pat Freiermuth FLEX Chris Boswell FLEX Tyrone Tracy Jr.,,,
151,4485880079,twinsterritory34 (1/6),0,91.630005,CPT Russell Wilson FLEX Malik Nabers FLEX George Pickens FLEX Pat Freiermuth FLEX Chris Boswell FLEX Tyrone Tracy Jr.,,,
154,4485886428,ssj262 (7/10),0,91.619995,CPT George Pickens FLEX Russell Wilson FLEX Wan'Dale Robinson FLEX Jaylen Warren FLEX Darius Slayton FLEX Tyrone Tracy Jr.,,,
155,4485818945,meyers2305 (3/10),0,91.52,CPT George Pickens FLEX Malik Nabers FLEX Russell Wilson FLEX Najee Harris FLEX Giants  FLEX Calvin Austin III,,,
156,4485818946,meyers2305 (4/10),0,91.310005,CPT Malik Nabers FLEX Daniel Jones FLEX Najee Harris FLEX Wan'Dale Robinson FLEX Chris Boswell FLEX Calvin Austin III,,,
156,4485891326,smilesp12 (9/10),0,91.310005,CPT Malik Nabers FLEX Daniel Jones FLEX Najee Harris FLEX Wan'Dale Robinson FLEX Chris Boswell FLEX Calvin Austin III,,,
158,4485817694,mrohrbach73 (4/10),0,91.27,CPT Malik Nabers FLEX George Pickens FLEX Russell Wilson FLEX Pat Freiermuth FLEX Chris Boswell FLEX Tyrone Tracy Jr.,,,
159,4485882559,broskidino (1/10),0,91.22,CPT Tyrone Tracy Jr. FLEX Malik Nabers FLEX George Pickens FLEX Russell Wilson FLEX Wan'Dale Robinson FLEX Pat Freiermuth,,,
160,4485666583,larrydr (4/10),0,91.18,CPT Calvin Austin III FLEX Malik Nabers FLEX Russell Wilson FLEX Daniel Jones FLEX Najee Harris FLEX Pat Freiermuth,,,
161,4485871037,watsy39,0,91.130005,CPT Russell Wilson FLEX Malik Nabers FLEX George Pickens FLEX Najee Harris FLEX Calvin Austin III FLEX Darnell Washington,,,
162,4485817697,mrohrbach73 (7/10),0,91.03,CPT Russell Wilson FLEX Malik Nabers FLEX George Pickens FLEX Jaylen Warren FLEX Steelers  FLEX Calvin Austin III,,,
163,4485779835,Steeler78025TX (4/4),0,90.770004,CPT Malik Nabers FLEX George Pickens FLEX Russell Wilson FLEX Najee Harris FLEX Calvin Austin III FLEX Darnell Washington,,,
164,4485694077,smoeller16 (3/10),0,90.52999,CPT Jaylen Warren FLEX George Pickens FLEX Russell Wilson FLEX Daniel Jones FLEX Darius Slayton FLEX Tyrone Tracy Jr.,,,
165,4485705623,ArtfulPossum (8/10),0,90.47,CPT Najee Harris FLEX Malik Nabers FLEX Russell Wilson FLEX Pat Freiermuth FLEX Steelers  FLEX Chris Boswell,,,
165,4485748800,craiglindamalo (1/2),0,90.47,CPT Najee Harris FLEX Malik Nabers FLEX Russell Wilson FLEX Pat Freiermuth FLEX Steelers  FLEX Greg Joseph,,,
165,4485788967,jmoney2186 (1/10),0,90.47,CPT Najee Harris FLEX Malik Nabers FLEX Russell Wilson FLEX Pat Freiermuth FLEX Steelers  FLEX Chris Boswell,,,
165,4485798697,tab8385 (5/9),0,90.47,CPT Najee Harris FLEX Malik Nabers FLEX Russell Wilson FLEX Pat Freiermuth FLEX Steelers  FLEX Chris Boswell,,,
165,4485907817,Keendom (1/2),0,90.47,CPT Najee Harris FLEX Malik Nabers FLEX Russell Wilson FLEX Pat Freiermuth FLEX Steelers  FLEX Chris Boswell,,,
170,4485882153,BlkYeezus (4/6),0,90.42999,CPT Russell Wilson FLEX Malik Nabers FLEX Najee Harris FLEX Steelers  FLEX Chris Boswell FLEX Giants ,,,
171,4485896621,a_rucker (4/10),0,90.37,CPT Malik Nabers FLEX George Pickens FLEX Russell Wilson FLEX Steelers  FLEX Chris Boswell FLEX Greg Joseph,,,
172,4485757048,Tayhar (7/10),0,90.32,CPT Greg Joseph FLEX Malik Nabers FLEX George Pickens FLEX Russell Wilson FLEX Steelers  FLEX Chris Boswell,,,
173,4485666587,larrydr (8/10),0,90.28,CPT Van Jefferson FLEX Malik Nabers FLEX George Pickens FLEX Russell Wilson FLEX Daniel Jones FLEX Tyrone Tracy Jr.,,,
174,4485667874,crosova (6/10),0,90.130005,CPT Russell Wilson FLEX Malik Nabers FLEX George Pickens FLEX Wan'Dale Robinson FLEX Chris Boswell FLEX Calvin Austin III,,,
174,4485893551,zolika13 (8/10),0,90.130005,CPT Malik Nabers FLEX Russell Wilson FLEX Daniel Jones FLEX Najee Harris FLEX Giants  FLEX Calvin Austin III,,,
176,4485882560,broskidino (2/10),0,90.119995,CPT George Pickens FLEX Malik Nabers FLEX Russell Wilson FLEX Jaylen Warren FLEX Tyrone Tracy Jr. FLEX Van Jefferson,,,
177,4485674256,timothy.beechler (1/2),0,90.09,CPT Daniel Jones FLEX Malik Nabers FLEX George Pickens FLEX Najee Harris FLEX Tyrone Tracy Jr. FLEX Theo Johnson,,,
177,4485704360,czaman (2/3),0,90.09,CPT Russell Wilson FLEX Daniel Jones FLEX Najee Harris FLEX Pat Freiermuth FLEX Tyrone Tracy Jr. FLEX Van Jefferson,,,
179,4485828225,kblake440 (4/4),0,89.92,CPT George Pickens FLEX Malik Nabers FLEX Russell Wilson FLEX Pat Freiermuth FLEX Chris Boswell FLEX Tyrone Tracy Jr.,,,
179,4485842603,bssmith23 (1/10),0,89.92,CPT George Pickens FLEX Malik Nabers FLEX Russell Wilson FLEX Pat Freiermuth FLEX Greg Joseph FLEX Tyrone Tracy Jr.,,,
179,4485875450,danvita50 (6/10),0,89.92,CPT George Pickens FLEX Malik Nabers FLEX Russell Wilson FLEX Pat Freiermuth FLEX Greg Joseph FLEX Tyrone Tracy Jr.,,,
179,4485880082,twinsterritory34 (4/6),0,89.92,CPT George Pickens FLEX Malik Nabers FLEX Russell Wilson FLEX Pat Freiermuth FLEX Chris Boswell FLEX Tyrone Tracy Jr.,,,
179,4485919934,packmanmatt (2/2),0,89.92,CPT George Pickens FLEX Malik Nabers FLEX Russell Wilson FLEX Pat Freiermuth FLEX Chris Boswell FLEX Tyrone Tracy Jr.,,,
184,4485682626,vx200 (2/6),0,89.83,CPT Russell Wilson FLEX Malik Nabers FLEX George Pickens FLEX Pat Freiermuth FLEX Darius Slayton FLEX Calvin Austin III,,,
185,4485735155,jydma (4/9),0,89.82,CPT Steelers  FLEX George Pickens FLEX Russell Wilson FLEX Najee Harris FLEX Wan'Dale Robinson FLEX Greg Joseph,,,
185,4485768667,Steeler78025TX (3/4),0,89.82,CPT Steelers  FLEX George Pickens FLEX Russell Wilson FLEX Najee Harris FLEX Wan'Dale Robinson FLEX Chris Boswell,,,
185,4485828144,dgkb (1/4),0,89.82,CPT Steelers  FLEX George Pickens FLEX Russell Wilson FLEX Najee Harris FLEX Wan'Dale Robinson FLEX Chris Boswell,,,
185,4485855797,jozeywales (8/10),0,89.82,CPT Steelers  FLEX George Pickens FLEX Russell Wilson FLEX Najee Harris FLEX Wan'Dale Robinson FLEX Chris Boswell,,,
189,4485901809,rcdog (2/2),0,89.55,CPT Malik Nabers FLEX George Pickens FLEX Najee Harris FLEX Wan'Dale Robinson FLEX Tyrone Tracy Jr. FLEX Darnell Washington,,,
190,4485667876,crosova (8/10),0,89.47,CPT Najee Harris FLEX Malik Nabers FLEX Russell Wilson FLEX Pat Freiermuth FLEX Chris Boswell FLEX Greg Joseph,,,
191,4485891319,smilesp12 (2/10),0,89.21,CPT Najee Harris FLEX Malik Nabers FLEX George Pickens FLEX Daniel Jones FLEX Giants  FLEX Calvin Austin III,,,
192,4485694579,DigitalWINN (7/10),0,89.130005,CPT Russell Wilson FLEX Malik Nabers FLEX Jaylen Warren FLEX Pat Freiermuth FLEX Steelers  FLEX Tyrone Tracy Jr.,,,
193,4485718242,gwbrown1956 (3/4),0,89.1,CPT Steelers  FLEX Malik Nabers FLEX George Pickens FLEX Najee Harris FLEX Wan'Dale Robinson FLEX Chris Boswell,,,
193,4485842610,bssmith23 (8/10),0,89.1,CPT Steelers  FLEX Malik Nabers FLEX George Pickens FLEX Najee Harris FLEX Wan'Dale Robinson FLEX Chris Boswell,,,
195,4485735153,jydma (2/9),0,89,CPT Steelers  FLEX Malik Nabers FLEX George Pickens FLEX Najee Harris FLEX Jaylen Warren FLEX Greg Joseph,,,
195,4485842041,InthePitDawg (5/5),0,89,CPT Steelers  FLEX Malik Nabers FLEX George Pickens FLEX Najee Harris FLEX Jaylen Warren FLEX Chris Boswell,,,
197,4485705619,ArtfulPossum (4/10),0,88.91,CPT Malik Nabers FLEX Daniel Jones FLEX Najee Harris FLEX Wan'Dale Robinson FLEX Tyrone Tracy Jr. FLEX Giants ,,,
197,4485888175,a_rucker (1/10),0,88.91,CPT Malik Nabers FLEX Daniel Jones FLEX Najee Harris FLEX Wan'Dale Robinson FLEX Tyrone Tracy Jr. FLEX Giants ,,,
199,4485705620,ArtfulPossum (5/10),0,88.87,CPT Jaylen Warren FLEX Malik Nabers FLEX Russell Wilson FLEX Najee Harris FLEX Steelers  FLEX Chris Boswell,,,
199,4485855792,jozeywales (3/10),0,88.87,CPT Jaylen Warren FLEX Malik Nabers FLEX Russell Wilson FLEX Najee Harris FLEX Steelers  FLEX Chris Boswell,,,
201,4485886426,ssj262 (5/10),0,88.82,CPT George Pickens FLEX Russell Wilson FLEX Wan'Dale Robinson FLEX Jaylen Warren FLEX Steelers  FLEX Tyrone Tracy Jr.,,,
202,4485817698,mrohrbach73 (8/10),0,88.81,CPT Najee Harris FLEX Malik Nabers FLEX George Pickens FLEX Daniel Jones FLEX Tyrone Tracy Jr. FLEX Jalin Hyatt,,,
203,4485882568,broskidino (10/10),0,88.729996,CPT Malik Nabers FLEX Russell Wilson FLEX Daniel Jones FLEX Jaylen Warren FLEX Tyrone Tracy Jr. FLEX Van Jefferson,,,
204,4485818947,meyers2305 (5/10),0,88.53,CPT Malik Nabers FLEX Russell Wilson FLEX Daniel Jones FLEX Pat Freiermuth FLEX Chris Boswell FLEX Tyrone Tracy Jr.,,,
204,4485880084,twinsterritory34 (6/6),0,88.53,CPT Malik Nabers FLEX Russell Wilson FLEX Daniel Jones FLEX Pat Freiermuth FLEX Chris Boswell FLEX Tyrone Tracy Jr.,,,
206,4485810389,bniced (9/10),0,88.42,CPT Steelers  FLEX Malik Nabers FLEX George Pickens FLEX Russell Wilson FLEX Najee Harris FLEX Theo Johnson,,,
206,4485881225,Airdog48,0,88.42,CPT Steelers  FLEX Malik Nabers FLEX Russell Wilson FLEX Najee Harris FLEX Pat Freiermuth FLEX Chris Boswell,,,
206,4485882236,ynot4greg21 (9/10),0,88.42,CPT Steelers  FLEX Malik Nabers FLEX George Pickens FLEX Russell Wilson FLEX Najee Harris FLEX Theo Johnson,,,
209,4485893235,Prumaker,0,88.33,CPT Russell Wilson FLEX Malik Nabers FLEX Najee Harris FLEX Pat Freiermuth FLEX Steelers  FLEX Greg Joseph,,,
210,4485748332,sexyrazz99,0,88.28999,CPT Russell Wilson FLEX Malik Nabers FLEX Daniel Jones FLEX Jaylen Warren FLEX Steelers  FLEX Calvin Austin III,,,
211,4485842611,bssmith23 (9/10),0,88.009995,CPT Daniel Jones FLEX Malik Nabers FLEX Russell Wilson FLEX Jaylen Warren FLEX Darius Slayton FLEX Calvin Austin III,,,
212,4485666584,larrydr (5/10),0,88,CPT Calvin Austin III FLEX George Pickens FLEX Najee Harris FLEX Wan'Dale Robinson FLEX Pat Freiermuth FLEX Steelers ,,,
213,4485818943,meyers2305 (1/10),0,87.93,CPT Malik Nabers FLEX Russell Wilson FLEX Daniel Jones FLEX Jaylen Warren FLEX Steelers  FLEX Calvin Austin III,,,
213,4485849859,BCeltics00 (4/10),0,87.93,CPT Malik Nabers FLEX Russell Wilson FLEX Daniel Jones FLEX Jaylen Warren FLEX Steelers  FLEX Calvin Austin III,,,
215,4485803968,bniced (6/10),0,87.83,CPT Russell Wilson FLEX Malik Nabers FLEX George Pickens FLEX Pat Freiermuth FLEX Tyrone Tracy Jr. FLEX Van Jefferson,,,
216,4485735156,jydma (5/9),0,87.77,CPT Najee Harris FLEX George Pickens FLEX Russell Wilson FLEX Pat Freiermuth FLEX Steelers  FLEX Greg Joseph,,,
217,4485817642,SeniorTriton (7/10),0,87.23,CPT Pat Freiermuth FLEX Malik Nabers FLEX Russell Wilson FLEX Daniel Jones FLEX Darius Slayton FLEX Tyrone Tracy Jr.,,,
218,4485682625,vx200 (1/6),0,87.21,CPT Malik Nabers FLEX George Pickens FLEX Daniel Jones FLEX Greg Joseph FLEX Tyrone Tracy Jr. FLEX Giants ,,,
218,4485718715,mnelson214 (2/2),0,87.21,CPT Malik Nabers FLEX George Pickens FLEX Daniel Jones FLEX Greg Joseph FLEX Tyrone Tracy Jr. FLEX Giants ,,,
220,4485798700,tab8385 (8/9),0,87.03,CPT Malik Nabers FLEX Russell Wilson FLEX Daniel Jones FLEX Wan'Dale Robinson FLEX Chris Boswell FLEX Calvin Austin III,,,
220,4485891318,smilesp12 (1/10),0,87.03,CPT Malik Nabers FLEX Russell Wilson FLEX Daniel Jones FLEX Wan'Dale Robinson FLEX Chris Boswell FLEX Calvin Austin III,,,
222,4485666588,larrydr (9/10),0,86.98,CPT Van Jefferson FLEX Malik Nabers FLEX Russell Wilson FLEX Daniel Jones FLEX Najee Harris FLEX Steelers ,,,
223,4485875454,danvita50 (10/10),0,86.88,CPT Wan'Dale Robinson FLEX George Pickens FLEX Russell Wilson FLEX Daniel Jones FLEX Chris Boswell FLEX Tyrone Tracy Jr.,,,
223,4485891323,smilesp12 (6/10),0,86.88,CPT Wan'Dale Robinson FLEX George Pickens FLEX Russell Wilson FLEX Daniel Jones FLEX Greg Joseph FLEX Tyrone Tracy Jr.,,,
225,4485750543,munchy_420,0,86.82,CPT Calvin Austin III FLEX Malik Nabers FLEX George Pickens FLEX Russell Wilson FLEX Wan'Dale Robinson FLEX Jaylen Warren,,,
226,4485890523,dentiddo,0,86.71,CPT Malik Nabers FLEX George Pickens FLEX Daniel Jones FLEX Najee Harris FLEX Giants  FLEX Calvin Austin III,,,
227,4485870716,jozeywales (10/10),0,86.57,CPT Najee Harris FLEX Malik Nabers FLEX Russell Wilson FLEX Wan'Dale Robinson FLEX Steelers  FLEX Giants ,,,
227,4485880080,twinsterritory34 (2/6),0,86.57,CPT Najee Harris FLEX Malik Nabers FLEX Russell Wilson FLEX Wan'Dale Robinson FLEX Steelers  FLEX Giants ,,,
229,4485694582,DigitalWINN (10/10),0,86.53,CPT Russell Wilson FLEX George Pickens FLEX Wan'Dale Robinson FLEX Pat Freiermuth FLEX Steelers  FLEX Tyrone Tracy Jr.,,,
230,4485855796,jozeywales (7/10),0,86.48999,CPT Russell Wilson FLEX George Pickens FLEX Daniel Jones FLEX Wan'Dale Robinson FLEX Tyrone Tracy Jr. FLEX Van Jefferson,,,
231,4485882232,ynot4greg21 (5/10),0,86.42,CPT Greg Joseph FLEX Malik Nabers FLEX George Pickens FLEX Russell Wilson FLEX Najee Harris FLEX Giants ,,,
232,4485792603,kblake440 (2/4),0,86.36,CPT Steelers  FLEX Malik Nabers FLEX Daniel Jones FLEX Najee Harris FLEX Wan'Dale Robinson FLEX Chris Boswell,,,
233,4485695495,vexopingo,0,86.310005,CPT Malik Nabers FLEX George Pickens FLEX Daniel Jones FLEX Najee Harris FLEX Tyrone Tracy Jr. FLEX Jalin Hyatt,,,
234,4485855794,jozeywales (5/10),0,86.02,CPT George Pickens FLEX Malik Nabers FLEX Russell Wilson FLEX Wan'Dale Robinson FLEX Tyrone Tracy Jr. FLEX Giants ,,,
234,4485882566,broskidino (8/10),0,86.02,CPT George Pickens FLEX Malik Nabers FLEX Russell Wilson FLEX Wan'Dale Robinson FLEX Tyrone Tracy Jr. FLEX Giants ,,,
236,4485744593,Beefy355 (9/10),0,85.92,CPT George Pickens FLEX Malik Nabers FLEX Russell Wilson FLEX Jaylen Warren FLEX Tyrone Tracy Jr. FLEX Giants ,,,
237,4485735152,jydma (1/9),0,85.82,CPT Steelers  FLEX Malik Nabers FLEX George Pickens FLEX Russell Wilson FLEX Najee Harris FLEX Darnell Washington,,,
237,4485772544,SynZin (3/5),0,85.82,CPT Steelers  FLEX Malik Nabers FLEX George Pickens FLEX Russell Wilson FLEX Najee Harris FLEX Darnell Washington,,,
239,4485694083,smoeller16 (9/10),0,85.69,CPT Russell Wilson FLEX George Pickens FLEX Daniel Jones FLEX Wan'Dale Robinson FLEX Steelers  FLEX Calvin Austin III,,,
239,4485788971,jmoney2186 (5/10),0,85.69,CPT Russell Wilson FLEX George Pickens FLEX Daniel Jones FLEX Wan'Dale Robinson FLEX Steelers  FLEX Calvin Austin III,,,
241,4485667871,crosova (3/10),0,85.67,CPT Malik Nabers FLEX George Pickens FLEX Russell Wilson FLEX Pat Freiermuth FLEX Chris Boswell FLEX Calvin Austin III,,,
242,4485772314,kblake440 (1/4),0,85.619995,CPT Greg Joseph FLEX George Pickens FLEX Russell Wilson FLEX Najee Harris FLEX Devin Singletary FLEX Steelers ,,,
243,4485882561,broskidino (3/10),0,85.31,CPT Malik Nabers FLEX George Pickens FLEX Daniel Jones FLEX Jaylen Warren FLEX Tyrone Tracy Jr. FLEX Van Jefferson,,,
244,4485905076,custerd97,0,85.27,CPT Najee Harris FLEX Malik Nabers FLEX George Pickens FLEX Russell Wilson FLEX Steelers  FLEX Eric Gray,,,
245,4485867759,RamsRuleRamsRule,0,85.18,CPT Steelers  FLEX Malik Nabers FLEX Russell Wilson FLEX Daniel Jones FLEX Najee Harris FLEX Giants ,,,
246,4485897450,flutiescurse (2/2),0,85.15,CPT Malik Nabers FLEX Najee Harris FLEX Wan'Dale Robinson FLEX Jaylen Warren FLEX Steelers  FLEX Chris Boswell,,,
247,4485875445,danvita50 (1/10),0,85.11,CPT Malik Nabers FLEX George Pickens FLEX Daniel Jones FLEX Pat Freiermuth FLEX Chris Boswell FLEX Tyrone Tracy Jr.,,,
248,4485788973,jmoney2186 (7/10),0,85.03,CPT Najee Harris FLEX Russell Wilson FLEX Daniel Jones FLEX Pat Freiermuth FLEX Steelers  FLEX Chris Boswell,,,
248,4485855790,jozeywales (1/10),0,85.03,CPT Najee Harris FLEX Russell Wilson FLEX Daniel Jones FLEX Pat Freiermuth FLEX Steelers  FLEX Chris Boswell,,,
250,4485858162,duanebertonallen (2/2),0,84.85,CPT Najee Harris FLEX Malik Nabers FLEX Devin Singletary FLEX Jaylen Warren FLEX Pat Freiermuth FLEX Tyrone Tracy Jr.,,,
251,4485886424,ssj262 (3/10),0,84.76,CPT Darius Slayton FLEX George Pickens FLEX Daniel Jones FLEX Najee Harris FLEX Pat Freiermuth FLEX Steelers ,,,
252,4485822635,Jw4778 (1/10),0,84.75,CPT Najee Harris FLEX George Pickens FLEX Wan'Dale Robinson FLEX Pat Freiermuth FLEX Darius Slayton FLEX Steelers ,,,
252,4485822636,Jw4778 (2/10),0,84.75,CPT Najee Harris FLEX George Pickens FLEX Wan'Dale Robinson FLEX Pat Freiermuth FLEX Darius Slayton FLEX Steelers ,,,
252,4485822637,Jw4778 (3/10),0,84.75,CPT Najee Harris FLEX George Pickens FLEX Wan'Dale Robinson FLEX Pat Freiermuth FLEX Darius Slayton FLEX Steelers ,,,
252,4485822638,Jw4778 (4/10),0,84.75,CPT Najee Harris FLEX George Pickens FLEX Wan'Dale Robinson FLEX Pat Freiermuth FLEX Darius Slayton FLEX Steelers ,,,
252,4485822639,Jw4778 (5/10),0,84.75,CPT Najee Harris FLEX George Pickens FLEX Wan'Dale Robinson FLEX Pat Freiermuth FLEX Darius Slayton FLEX Steelers ,,,
252,4485822640,Jw4778 (6/10),0,84.75,CPT Najee Harris FLEX George Pickens FLEX Wan'Dale Robinson FLEX Pat Freiermuth FLEX Darius Slayton FLEX Steelers ,,,
252,4485822641,Jw4778 (7/10),0,84.75,CPT Najee Harris FLEX George Pickens FLEX Wan'Dale Robinson FLEX Pat Freiermuth FLEX Darius Slayton FLEX Steelers ,,,
252,4485822642,Jw4778 (8/10),0,84.75,CPT Najee Harris FLEX George Pickens FLEX Wan'Dale Robinson FLEX Pat Freiermuth FLEX Darius Slayton FLEX Steelers ,,,
252,4485822643,Jw4778 (9/10),0,84.75,CPT Najee Harris FLEX George Pickens FLEX Wan'Dale Robinson FLEX Pat Freiermuth FLEX Darius Slayton FLEX Steelers ,,,
252,4485822644,Jw4778 (10/10),0,84.75,CPT Najee Harris FLEX George Pickens FLEX Wan'Dale Robinson FLEX Pat Freiermuth FLEX Darius Slayton FLEX Steelers ,,,
262,4485735159,jydma (8/9),0,84.72,CPT Steelers  FLEX Malik Nabers FLEX George Pickens FLEX Russell Wilson FLEX Jaylen Warren FLEX Chris Boswell,,,
262,4485735160,jydma (9/9),0,84.72,CPT Steelers  FLEX Malik Nabers FLEX George Pickens FLEX Russell Wilson FLEX Jaylen Warren FLEX Greg Joseph,,,
264,4485786385,Tahiem342 (4/5),0,84.71,CPT Daniel Jones FLEX George Pickens FLEX Russell Wilson FLEX Najee Harris FLEX Giants  FLEX Calvin Austin III,,,
265,4485788974,jmoney2186 (8/10),0,84.63,CPT Malik Nabers FLEX Russell Wilson FLEX Daniel Jones FLEX Wan'Dale Robinson FLEX Tyrone Tracy Jr. FLEX Giants ,,,
266,4485705624,ArtfulPossum (9/10),0,84.53,CPT Malik Nabers FLEX Russell Wilson FLEX Daniel Jones FLEX Jaylen Warren FLEX Tyrone Tracy Jr. FLEX Giants ,,,
267,4485791836,InthePitDawg (2/5),0,84.45,CPT Jaylen Warren FLEX Malik Nabers FLEX George Pickens FLEX Najee Harris FLEX Chris Boswell FLEX Greg Joseph,,,
267,4485872129,cmccay42,0,84.45,CPT Malik Nabers FLEX George Pickens FLEX Wan'Dale Robinson FLEX Pat Freiermuth FLEX Chris Boswell FLEX Tyrone Tracy Jr.,,,
269,4485793576,bniced (3/10),0,84.37,CPT Najee Harris FLEX George Pickens FLEX Russell Wilson FLEX Wan'Dale Robinson FLEX Steelers  FLEX Theo Johnson,,,
270,4485757049,Tayhar (8/10),0,84.32,CPT Greg Joseph FLEX Malik Nabers FLEX George Pickens FLEX Russell Wilson FLEX Wan'Dale Robinson FLEX Steelers ,,,
270,4485882235,ynot4greg21 (8/10),0,84.32,CPT Chris Boswell FLEX Malik Nabers FLEX George Pickens FLEX Russell Wilson FLEX Najee Harris FLEX Darnell Washington,,,
272,4485729223,jrent23 (1/3),0,84.27,CPT Najee Harris FLEX Malik Nabers FLEX George Pickens FLEX Russell Wilson FLEX Chris Boswell FLEX Eric Gray,,,
273,4485882237,ynot4greg21 (10/10),0,84.22,CPT Greg Joseph FLEX Malik Nabers FLEX George Pickens FLEX Russell Wilson FLEX Jaylen Warren FLEX Steelers ,,,
274,4485780690,csajato (1/2),0,84.03,CPT Najee Harris FLEX George Pickens FLEX Russell Wilson FLEX Daniel Jones FLEX Chris Boswell FLEX Theo Johnson,,,
274,4485904577,slowjamrob (2/2),0,84.03,CPT Najee Harris FLEX George Pickens FLEX Russell Wilson FLEX Daniel Jones FLEX Chris Boswell FLEX Theo Johnson,,,
276,4485898747,kmcdermitt87 (2/4),0,83.99,CPT Daniel Jones FLEX Malik Nabers FLEX Wan'Dale Robinson FLEX Jaylen Warren FLEX Steelers  FLEX Tyrone Tracy Jr.,,,
277,4485788972,jmoney2186 (6/10),0,83.979996,CPT George Pickens FLEX Russell Wilson FLEX Daniel Jones FLEX Wan'Dale Robinson FLEX Steelers  FLEX Calvin Austin III,,,
277,4485818948,meyers2305 (6/10),0,83.979996,CPT George Pickens FLEX Russell Wilson FLEX Daniel Jones FLEX Wan'Dale Robinson FLEX Steelers  FLEX Calvin Austin III,,,
279,4485849858,BCeltics00 (3/10),0,83.97,CPT Najee Harris FLEX Malik Nabers FLEX George Pickens FLEX Russell Wilson FLEX Steelers  FLEX Jalin Hyatt,,,
280,4485682630,vx200 (6/6),0,83.92,CPT George Pickens FLEX Russell Wilson FLEX Najee Harris FLEX Pat Freiermuth FLEX Steelers  FLEX Greg Joseph,,,
281,4485895554,a_rucker (3/10),0,83.91,CPT Malik Nabers FLEX Daniel Jones FLEX Najee Harris FLEX Steelers  FLEX Chris Boswell FLEX Giants ,,,
282,4485849865,BCeltics00 (10/10),0,83.77,CPT Najee Harris FLEX George Pickens FLEX Russell Wilson FLEX Jaylen Warren FLEX Steelers  FLEX Giants ,,,
283,4485694574,DigitalWINN (2/10),0,83.729996,CPT Russell Wilson FLEX Malik Nabers FLEX George Pickens FLEX Wan'Dale Robinson FLEX Tyrone Tracy Jr. FLEX MyCole Pruitt,,,
284,4485694576,DigitalWINN (4/10),0,83.630005,CPT Russell Wilson FLEX Malik Nabers FLEX George Pickens FLEX Jaylen Warren FLEX Tyrone Tracy Jr. FLEX MyCole Pruitt,,,
285,4485871046,Yeti_75 (8/10),0,83.61,CPT Najee Harris FLEX Malik Nabers FLEX Daniel Jones FLEX Wan'Dale Robinson FLEX Greg Joseph FLEX Van Jefferson,,,
286,4485666580,larrydr (1/10),0,83.48,CPT Calvin Austin III FLEX Malik Nabers FLEX George Pickens FLEX Russell Wilson FLEX Daniel Jones FLEX Pat Freiermuth,,,
287,4485830328,jeremiah12483 (2/2),0,83.32,CPT Chris Boswell FLEX Malik Nabers FLEX George Pickens FLEX Russell Wilson FLEX Wan'Dale Robinson FLEX Greg Joseph,,,
288,4485786382,Tahiem342 (1/5),0,83.28999,CPT Russell Wilson FLEX Malik Nabers FLEX George Pickens FLEX Daniel Jones FLEX Calvin Austin III FLEX Theo Johnson,,,
289,4485808434,InthePitDawg (3/5),0,83.22,CPT Chris Boswell FLEX Malik Nabers FLEX George Pickens FLEX Russell Wilson FLEX Jaylen Warren FLEX Greg Joseph,,,
290,4485744585,Beefy355 (1/10),0,83.119995,CPT George Pickens FLEX Russell Wilson FLEX Najee Harris FLEX Jaylen Warren FLEX Greg Joseph FLEX Van Jefferson,,,
291,4485708778,mtl128,0,82.97,CPT Najee Harris FLEX Malik Nabers FLEX George Pickens FLEX Russell Wilson FLEX Chris Boswell FLEX Daniel Bellinger,,,
292,4485843299,sbergherr (3/3),0,82.880005,CPT Chris Boswell FLEX Russell Wilson FLEX Daniel Jones FLEX Najee Harris FLEX Devin Singletary FLEX Steelers ,,,
293,4485802999,peterbelitz (8/10),0,82.87,CPT Pat Freiermuth FLEX Malik Nabers FLEX Russell Wilson FLEX Najee Harris FLEX Steelers  FLEX Chris Boswell,,,
294,4485817645,SeniorTriton (10/10),0,82.86,CPT George Pickens FLEX Malik Nabers FLEX Daniel Jones FLEX Steelers  FLEX Chris Boswell FLEX Greg Joseph,,,
295,4485886431,ssj262 (10/10),0,82.81,CPT Jaylen Warren FLEX George Pickens FLEX Daniel Jones FLEX Najee Harris FLEX Darius Slayton FLEX Chris Boswell,,,
296,4485843297,sbergherr (1/3),0,82.78999,CPT Russell Wilson FLEX Malik Nabers FLEX George Pickens FLEX Daniel Jones FLEX Giants  FLEX Calvin Austin III,,,
296,4485855795,jozeywales (6/10),0,82.78999,CPT Russell Wilson FLEX Malik Nabers FLEX George Pickens FLEX Daniel Jones FLEX Giants  FLEX Calvin Austin III,,,
298,4485744591,Beefy355 (7/10),0,82.77,CPT Najee Harris FLEX George Pickens FLEX Russell Wilson FLEX Jaylen Warren FLEX Chris Boswell FLEX Giants ,,,
299,4485843298,sbergherr (2/3),0,82.479996,CPT Steelers  FLEX George Pickens FLEX Russell Wilson FLEX Daniel Jones FLEX Najee Harris FLEX Giants ,,,
299,4485893061,bigdogroy,0,82.479996,CPT Steelers  FLEX George Pickens FLEX Russell Wilson FLEX Daniel Jones FLEX Najee Harris FLEX Giants ,,,
301,4485875446,danvita50 (2/10),0,82.26,CPT Steelers  FLEX Malik Nabers FLEX George Pickens FLEX Daniel Jones FLEX Najee Harris FLEX Theo Johnson,,,
302,4485786386,Tahiem342 (5/5),0,82.15,CPT Najee Harris FLEX Malik Nabers FLEX George Pickens FLEX Wan'Dale Robinson FLEX Chris Boswell FLEX Giants ,,,
303,4485854683,jwilkinson816 (2/4),0,82.08,CPT Steelers  FLEX Malik Nabers FLEX Russell Wilson FLEX Daniel Jones FLEX Wan'Dale Robinson FLEX Chris Boswell,,,
304,4485792488,tgmears,0,82.03,CPT Malik Nabers FLEX George Pickens FLEX Russell Wilson FLEX Daniel Jones FLEX Tyrone Tracy Jr. FLEX Daniel Bellinger,,,
304,4485882562,broskidino (4/10),0,82.03,CPT Malik Nabers FLEX George Pickens FLEX Russell Wilson FLEX Daniel Jones FLEX Tyrone Tracy Jr. FLEX Daniel Bellinger,,,
304,4485882565,broskidino (7/10),0,82.03,CPT Malik Nabers FLEX George Pickens FLEX Russell Wilson FLEX Daniel Jones FLEX Tyrone Tracy Jr. FLEX Jalin Hyatt,,,
307,4485788969,jmoney2186 (3/10),0,81.909996,CPT Daniel Jones FLEX Malik Nabers FLEX Russell Wilson FLEX Wan'Dale Robinson FLEX Tyrone Tracy Jr. FLEX Giants ,,,
307,4485880081,twinsterritory34 (3/6),0,81.909996,CPT Daniel Jones FLEX Malik Nabers FLEX Russell Wilson FLEX Wan'Dale Robinson FLEX Tyrone Tracy Jr. FLEX Giants ,,,
307,4485891321,smilesp12 (4/10),0,81.909996,CPT Daniel Jones FLEX Malik Nabers FLEX Russell Wilson FLEX Wan'Dale Robinson FLEX Tyrone Tracy Jr. FLEX Giants ,,,
310,4485733911,dgillespie68 (2/2),0,81.89,CPT Russell Wilson FLEX Daniel Jones FLEX Najee Harris FLEX Pat Freiermuth FLEX Chris Boswell FLEX Greg Joseph,,,
311,4485901113,954KILLA60,0,81.82,CPT George Pickens FLEX Malik Nabers FLEX Russell Wilson FLEX Najee Harris FLEX Van Jefferson FLEX Theo Johnson,,,
312,4485772543,SynZin (2/5),0,81.770004,CPT Najee Harris FLEX George Pickens FLEX Russell Wilson FLEX Wan'Dale Robinson FLEX Steelers  FLEX Darnell Washington,,,
313,4485705032,badphred (2/2),0,81.67999,CPT Chris Boswell FLEX George Pickens FLEX Russell Wilson FLEX Daniel Jones FLEX Wan'Dale Robinson FLEX Darius Slayton,,,
314,4485857715,Stalkfleet84 (2/7),0,81.62,CPT Wan'Dale Robinson FLEX George Pickens FLEX Russell Wilson FLEX Najee Harris FLEX Pat Freiermuth FLEX Calvin Austin III,,,
315,4485694081,smoeller16 (7/10),0,81.57,CPT Malik Nabers FLEX George Pickens FLEX Russell Wilson FLEX Devin Singletary FLEX Tyrone Tracy Jr. FLEX Darnell Washington,,,
316,4485799059,mvandygriff (7/10),0,81.47,CPT Malik Nabers FLEX George Pickens FLEX Russell Wilson FLEX Najee Harris FLEX Steelers  FLEX Jalin Hyatt,,,
317,4485886176,fernbird (1/2),0,81.33,CPT Russell Wilson FLEX Malik Nabers FLEX Najee Harris FLEX Wan'Dale Robinson FLEX Chris Boswell FLEX Darnell Washington,,,
317,4485735154,jydma (3/9),0,81.329994,CPT Najee Harris FLEX George Pickens FLEX Russell Wilson FLEX Daniel Jones FLEX Darius Slayton FLEX Daniel Bellinger,,,
319,4485705617,ArtfulPossum (2/10),0,81.21,CPT Malik Nabers FLEX George Pickens FLEX Daniel Jones FLEX Wan'Dale Robinson FLEX Tyrone Tracy Jr. FLEX Giants ,,,
319,4485818278,dfs_ads (2/5),0,81.21,CPT Malik Nabers FLEX George Pickens FLEX Daniel Jones FLEX Wan'Dale Robinson FLEX Tyrone Tracy Jr. FLEX Giants ,,,
319,4485891324,smilesp12 (7/10),0,81.21,CPT Malik Nabers FLEX George Pickens FLEX Daniel Jones FLEX Wan'Dale Robinson FLEX Tyrone Tracy Jr. FLEX Giants ,,,
319,4485907818,Keendom (2/2),0,81.21,CPT Malik Nabers FLEX George Pickens FLEX Daniel Jones FLEX Wan'Dale Robinson FLEX Tyrone Tracy Jr. FLEX Giants ,,,
323,4485898749,kmcdermitt87 (4/4),0,81.13,CPT Najee Harris FLEX Russell Wilson FLEX Daniel Jones FLEX Wan'Dale Robinson FLEX Steelers  FLEX Giants ,,,
324,4485705618,ArtfulPossum (3/10),0,81.11,CPT Malik Nabers FLEX George Pickens FLEX Daniel Jones FLEX Jaylen Warren FLEX Tyrone Tracy Jr. FLEX Giants ,,,
325,4485718082,agame521,0,80.950005,CPT Najee Harris FLEX Malik Nabers FLEX George Pickens FLEX Jaylen Warren FLEX Steelers  FLEX Darnell Washington,,,
325,4485869342,GoGettaz1,0,80.95,CPT Najee Harris FLEX George Pickens FLEX Wan'Dale Robinson FLEX Pat Freiermuth FLEX Steelers  FLEX Chris Boswell,,,
327,4485694578,DigitalWINN (6/10),0,80.89,CPT Russell Wilson FLEX Malik Nabers FLEX Daniel Jones FLEX Jaylen Warren FLEX Tyrone Tracy Jr. FLEX MyCole Pruitt,,,
328,4485851306,oraschin,0,80.83,CPT Russell Wilson FLEX Malik Nabers FLEX George Pickens FLEX Najee Harris FLEX Chris Boswell FLEX Daniel Bellinger,,,
329,4485802952,Thighbiter (2/2),0,80.72,CPT Steelers  FLEX Malik Nabers FLEX George Pickens FLEX Russell Wilson FLEX Pat Freiermuth FLEX Chris Boswell,,,
329,4485807746,Crapshot711,0,80.72,CPT Steelers  FLEX Malik Nabers FLEX George Pickens FLEX Russell Wilson FLEX Pat Freiermuth FLEX Chris Boswell,,,
329,4485817637,SeniorTriton (2/10),0,80.72,CPT Steelers  FLEX Malik Nabers FLEX George Pickens FLEX Russell Wilson FLEX Pat Freiermuth FLEX Chris Boswell,,,
332,4485718714,mnelson214 (1/2),0,80.68,CPT George Pickens FLEX Malik Nabers FLEX Russell Wilson FLEX Daniel Jones FLEX Tyrone Tracy Jr. FLEX Daniel Bellinger,,,
332,4485798694,tab8385 (2/9),0,80.68,CPT Giants  FLEX Malik Nabers FLEX Russell Wilson FLEX Daniel Jones FLEX Najee Harris FLEX Steelers ,,,
332,4485882567,broskidino (9/10),0,80.68,CPT George Pickens FLEX Malik Nabers FLEX Russell Wilson FLEX Daniel Jones FLEX Tyrone Tracy Jr. FLEX Jalin Hyatt,,,
335,4485788970,jmoney2186 (4/10),0,80.58,CPT George Pickens FLEX Russell Wilson FLEX Daniel Jones FLEX Wan'Dale Robinson FLEX Tyrone Tracy Jr. FLEX Giants ,,,
335,4485891322,smilesp12 (5/10),0,80.58,CPT George Pickens FLEX Russell Wilson FLEX Daniel Jones FLEX Wan'Dale Robinson FLEX Tyrone Tracy Jr. FLEX Giants ,,,
337,4485799054,mvandygriff (2/10),0,80.47,CPT Malik Nabers FLEX George Pickens FLEX Russell Wilson FLEX Najee Harris FLEX Chris Boswell FLEX Jalin Hyatt,,,
338,4485871043,Yeti_75 (5/10),0,80.31,CPT Devin Singletary FLEX Malik Nabers FLEX Daniel Jones FLEX Najee Harris FLEX Tyrone Tracy Jr. FLEX Giants ,,,
339,4485693324,danothedano,0,80.17,CPT Jaylen Warren FLEX Malik Nabers FLEX George Pickens FLEX Russell Wilson FLEX Chris Boswell FLEX Greg Joseph,,,
340,4485849864,BCeltics00 (9/10),0,80.12,CPT George Pickens FLEX Malik Nabers FLEX Russell Wilson FLEX Najee Harris FLEX Steelers  FLEX Jalin Hyatt,,,
341,4485694577,DigitalWINN (5/10),0,79.630005,CPT Russell Wilson FLEX Malik Nabers FLEX George Pickens FLEX Pat Freiermuth FLEX Tyrone Tracy Jr. FLEX MyCole Pruitt,,,
341,4485772545,SynZin (4/5),0,79.630005,CPT Russell Wilson FLEX George Pickens FLEX Najee Harris FLEX Wan'Dale Robinson FLEX Steelers  FLEX Darnell Washington,,,
343,4485798701,tab8385 (9/9),0,79.51,CPT Najee Harris FLEX Daniel Jones FLEX Devin Singletary FLEX Wan'Dale Robinson FLEX Pat Freiermuth FLEX Tyrone Tracy Jr.,,,
344,4485838380,BigWinston1,0,79.42999,CPT Russell Wilson FLEX George Pickens FLEX Wan'Dale Robinson FLEX Jaylen Warren FLEX Pat Freiermuth FLEX Tyrone Tracy Jr.,,,
345,4485694082,smoeller16 (8/10),0,79.409996,CPT Jaylen Warren FLEX George Pickens FLEX Daniel Jones FLEX Najee Harris FLEX Wan'Dale Robinson FLEX Calvin Austin III,,,
346,4485768377,Steeler78025TX (2/4),0,79.35,CPT Najee Harris FLEX Malik Nabers FLEX Devin Singletary FLEX Wan'Dale Robinson FLEX Pat Freiermuth FLEX Calvin Austin III,,,
347,4485803000,peterbelitz (9/10),0,79.22,CPT Greg Joseph FLEX Malik Nabers FLEX George Pickens FLEX Russell Wilson FLEX Pat Freiermuth FLEX Chris Boswell,,,
348,4485817692,mrohrbach73 (2/10),0,79.200005,CPT George Pickens FLEX Malik Nabers FLEX Najee Harris FLEX Jaylen Warren FLEX Steelers  FLEX Giants ,,,
349,4485861996,ep3550,0,79.06,CPT Darius Slayton FLEX Malik Nabers FLEX George Pickens FLEX Daniel Jones FLEX Wan'Dale Robinson FLEX Van Jefferson,,,
350,4485799062,mvandygriff (10/10),0,78.73,CPT Malik Nabers FLEX Russell Wilson FLEX Daniel Jones FLEX Najee Harris FLEX Steelers  FLEX Jalin Hyatt,,,
351,4485867478,Briangal1 (1/4),0,78.56,CPT Steelers  FLEX Malik Nabers FLEX George Pickens FLEX Daniel Jones FLEX Jaylen Warren FLEX Chris Boswell,,,
352,4485849234,Dennypyfb,0,78.53,CPT Russell Wilson FLEX George Pickens FLEX Wan'Dale Robinson FLEX Jaylen Warren FLEX Steelers  FLEX Chris Boswell,,,
353,4485875451,danvita50 (7/10),0,78.49,CPT Daniel Jones FLEX Malik Nabers FLEX George Pickens FLEX Wan'Dale Robinson FLEX Tyrone Tracy Jr. FLEX Giants ,,,
354,4485793369,knourlineup,0,78.48,CPT Van Jefferson FLEX Malik Nabers FLEX Russell Wilson FLEX Daniel Jones FLEX Najee Harris FLEX Theo Johnson,,,
355,4485666586,larrydr (7/10),0,78.28,CPT Van Jefferson FLEX Malik Nabers FLEX George Pickens FLEX Russell Wilson FLEX Daniel Jones FLEX Chris Boswell,,,
356,4485809396,bniced (7/10),0,78.090004,CPT Daniel Jones FLEX Malik Nabers FLEX Najee Harris FLEX Pat Freiermuth FLEX Chris Boswell FLEX Greg Joseph,,,
357,4485886423,ssj262 (2/10),0,77.72,CPT George Pickens FLEX Russell Wilson FLEX Wan'Dale Robinson FLEX Jaylen Warren FLEX Pat Freiermuth FLEX Tyrone Tracy Jr.,,,
358,4485869648,jozeywales (9/10),0,77.71,CPT Najee Harris FLEX George Pickens FLEX Daniel Jones FLEX Wan'Dale Robinson FLEX Steelers  FLEX Giants ,,,
359,4485802996,peterbelitz (5/10),0,77.399994,CPT Steelers  FLEX Malik Nabers FLEX George Pickens FLEX Najee Harris FLEX Devin Singletary FLEX Giants ,,,
360,4485802995,peterbelitz (4/10),0,77.26,CPT Giants  FLEX Malik Nabers FLEX George Pickens FLEX Daniel Jones FLEX Najee Harris FLEX Steelers ,,,
361,4485842608,bssmith23 (6/10),0,77.09,CPT Russell Wilson FLEX Malik Nabers FLEX Daniel Jones FLEX Jaylen Warren FLEX Chris Boswell FLEX Van Jefferson,,,
362,4485705625,ArtfulPossum (10/10),0,76.91,CPT Malik Nabers FLEX Daniel Jones FLEX Najee Harris FLEX Wan'Dale Robinson FLEX Greg Joseph FLEX Giants ,,,
362,4485898253,scholta,0,76.91,CPT Malik Nabers FLEX Daniel Jones FLEX Najee Harris FLEX Wan'Dale Robinson FLEX Chris Boswell FLEX Giants ,,,
364,4485798693,tab8385 (1/9),0,76.83,CPT Russell Wilson FLEX Malik Nabers FLEX George Pickens FLEX Pat Freiermuth FLEX Steelers  FLEX Van Jefferson,,,
365,4485797636,toby2977,0,76.82,CPT George Pickens FLEX Russell Wilson FLEX Najee Harris FLEX Devin Singletary FLEX Steelers  FLEX Theo Johnson,,,
365,4485810568,InthePitDawg (4/5),0,76.82,CPT George Pickens FLEX Russell Wilson FLEX Wan'Dale Robinson FLEX Jaylen Warren FLEX Steelers  FLEX Chris Boswell,,,
365,4485842605,bssmith23 (3/10),0,76.82,CPT George Pickens FLEX Russell Wilson FLEX Wan'Dale Robinson FLEX Jaylen Warren FLEX Steelers  FLEX Chris Boswell,,,
368,4485818950,meyers2305 (8/10),0,76.53,CPT Malik Nabers FLEX Russell Wilson FLEX Daniel Jones FLEX Pat Freiermuth FLEX Chris Boswell FLEX Greg Joseph,,,
369,4485802997,peterbelitz (6/10),0,76.48,CPT Chris Boswell FLEX Malik Nabers FLEX Russell Wilson FLEX Daniel Jones FLEX Pat Freiermuth FLEX Greg Joseph,,,
370,4485871039,Yeti_75 (1/10),0,76.47,CPT Malik Nabers FLEX George Pickens FLEX Russell Wilson FLEX Pat Freiermuth FLEX Steelers  FLEX Van Jefferson,,,
371,4485882229,ynot4greg21 (2/10),0,75.979996,CPT Greg Joseph FLEX Malik Nabers FLEX George Pickens FLEX Russell Wilson FLEX Daniel Jones FLEX Giants ,,,
372,4485817644,SeniorTriton (9/10),0,75.97,CPT Najee Harris FLEX Malik Nabers FLEX Russell Wilson FLEX Wan'Dale Robinson FLEX Pat Freiermuth FLEX Theo Johnson,,,
373,4485667877,crosova (9/10),0,75.810005,CPT Malik Nabers FLEX Daniel Jones FLEX Najee Harris FLEX Wan'Dale Robinson FLEX Steelers  FLEX Darnell Washington,,,
374,4485769284,InthePitDawg (1/5),0,75.77,CPT Malik Nabers FLEX George Pickens FLEX Russell Wilson FLEX Jaylen Warren FLEX Chris Boswell FLEX Theo Johnson,,,
375,4485782117,Jkuzzi,0,75.729996,CPT Jaylen Warren FLEX George Pickens FLEX Russell Wilson FLEX Daniel Jones FLEX Steelers  FLEX Chris Boswell,,,
375,4485788976,jmoney2186 (10/10),0,75.729996,CPT Jaylen Warren FLEX George Pickens FLEX Russell Wilson FLEX Daniel Jones FLEX Steelers  FLEX Chris Boswell,,,
375,4485818280,dfs_ads (4/5),0,75.729996,CPT Jaylen Warren FLEX George Pickens FLEX Russell Wilson FLEX Daniel Jones FLEX Steelers  FLEX Chris Boswell,,,
378,4485694075,smoeller16 (1/10),0,75.71,CPT Pat Freiermuth FLEX Malik Nabers FLEX Daniel Jones FLEX Najee Harris FLEX Chris Boswell FLEX Greg Joseph,,,
379,4485799053,mvandygriff (1/10),0,75.31,CPT Malik Nabers FLEX George Pickens FLEX Daniel Jones FLEX Najee Harris FLEX Steelers  FLEX Jalin Hyatt,,,
379,4485871042,Yeti_75 (4/10),0,75.31,CPT Malik Nabers FLEX George Pickens FLEX Daniel Jones FLEX Najee Harris FLEX Steelers  FLEX Jalin Hyatt,,,
381,4485890902,feryan (1/10),0,75.19,CPT Daniel Jones FLEX Malik Nabers FLEX Najee Harris FLEX Wan'Dale Robinson FLEX Steelers  FLEX Giants ,,,
381,4485890903,feryan (2/10),0,75.19,CPT Daniel Jones FLEX Malik Nabers FLEX Najee Harris FLEX Wan'Dale Robinson FLEX Steelers  FLEX Giants ,,,
381,4485890904,feryan (3/10),0,75.19,CPT Daniel Jones FLEX Malik Nabers FLEX Najee Harris FLEX Wan'Dale Robinson FLEX Steelers  FLEX Giants ,,,
381,4485890905,feryan (4/10),0,75.19,CPT Daniel Jones FLEX Malik Nabers FLEX Najee Harris FLEX Wan'Dale Robinson FLEX Steelers  FLEX Giants ,,,
381,4485890906,feryan (5/10),0,75.19,CPT Daniel Jones FLEX Malik Nabers FLEX Najee Harris FLEX Wan'Dale Robinson FLEX Steelers  FLEX Giants ,,,
381,4485890907,feryan (6/10),0,75.19,CPT Daniel Jones FLEX Malik Nabers FLEX Najee Harris FLEX Wan'Dale Robinson FLEX Steelers  FLEX Giants ,,,
381,4485890908,feryan (7/10),0,75.19,CPT Daniel Jones FLEX Malik Nabers FLEX Najee Harris FLEX Wan'Dale Robinson FLEX Steelers  FLEX Giants ,,,
381,4485890909,feryan (8/10),0,75.19,CPT Daniel Jones FLEX Malik Nabers FLEX Najee Harris FLEX Wan'Dale Robinson FLEX Steelers  FLEX Giants ,,,
381,4485890910,feryan (9/10),0,75.19,CPT Daniel Jones FLEX Malik Nabers FLEX Najee Harris FLEX Wan'Dale Robinson FLEX Steelers  FLEX Giants ,,,
381,4485890911,feryan (10/10),0,75.19,CPT Daniel Jones FLEX Malik Nabers FLEX Najee Harris FLEX Wan'Dale Robinson FLEX Steelers  FLEX Giants ,,,
391,4485756431,Tayhar (3/10),0,75.17,CPT Pat Freiermuth FLEX Malik Nabers FLEX George Pickens FLEX Russell Wilson FLEX Steelers  FLEX Chris Boswell,,,
392,4485895747,bayareablazer,0,75.12,CPT George Pickens FLEX Malik Nabers FLEX Russell Wilson FLEX Pat Freiermuth FLEX Steelers  FLEX Van Jefferson,,,
393,4485817638,SeniorTriton (3/10),0,74.76,CPT Greg Joseph FLEX Malik Nabers FLEX Daniel Jones FLEX Najee Harris FLEX Wan'Dale Robinson FLEX Pat Freiermuth,,,
394,4485786398,mlhodges,0,74.35,CPT Jaylen Warren FLEX Malik Nabers FLEX George Pickens FLEX Wan'Dale Robinson FLEX Steelers  FLEX Chris Boswell,,,
395,4485849857,BCeltics00 (2/10),0,74.31,CPT Malik Nabers FLEX George Pickens FLEX Daniel Jones FLEX Najee Harris FLEX Chris Boswell FLEX Jalin Hyatt,,,
396,4485842302,chris562,0,73.880005,CPT Wan'Dale Robinson FLEX Malik Nabers FLEX Russell Wilson FLEX Daniel Jones FLEX Pat Freiermuth FLEX Calvin Austin III,,,
397,4485864630,jwilkinson816 (3/4),0,73.829994,CPT Malik Nabers FLEX George Pickens FLEX Russell Wilson FLEX Daniel Jones FLEX Darius Slayton FLEX Scotty Miller,,,
398,4485757050,Tayhar (9/10),0,73.67,CPT Jaylen Warren FLEX Malik Nabers FLEX Russell Wilson FLEX Pat Freiermuth FLEX Steelers  FLEX Chris Boswell,,,
399,4485718240,gwbrown1956 (1/4),0,73.630005,CPT Malik Nabers FLEX Russell Wilson FLEX Daniel Jones FLEX Najee Harris FLEX Giants  FLEX Darnell Washington,,,
400,4485817691,mrohrbach73 (1/10),0,73.53,CPT Malik Nabers FLEX Russell Wilson FLEX Daniel Jones FLEX Jaylen Warren FLEX Steelers  FLEX Giants ,,,
400,4485873273,jjaba,0,73.53,CPT Russell Wilson FLEX George Pickens FLEX Wan'Dale Robinson FLEX Pat Freiermuth FLEX Darius Slayton FLEX Van Jefferson,,,
402,4485694580,DigitalWINN (8/10),0,73.33,CPT Russell Wilson FLEX Malik Nabers FLEX Jaylen Warren FLEX Pat Freiermuth FLEX Steelers  FLEX Van Jefferson,,,
403,4485905254,a_rucker (9/10),0,73.28,CPT Wan'Dale Robinson FLEX George Pickens FLEX Russell Wilson FLEX Daniel Jones FLEX Giants  FLEX Calvin Austin III,,,
404,4485784538,bniced (2/10),0,73.130005,CPT Russell Wilson FLEX Malik Nabers FLEX George Pickens FLEX Pat Freiermuth FLEX Steelers  FLEX Theo Johnson,,,
404,4485871041,Yeti_75 (3/10),0,73.13,CPT Malik Nabers FLEX Russell Wilson FLEX Daniel Jones FLEX Wan'Dale Robinson FLEX Chris Boswell FLEX Theo Johnson,,,
406,4485798646,Naomi3294 (2/3),0,73.119995,CPT Steelers  FLEX Malik Nabers FLEX George Pickens FLEX Russell Wilson FLEX Devin Singletary FLEX Giants ,,,
407,4485667872,crosova (4/10),0,72.96,CPT George Pickens FLEX Malik Nabers FLEX Daniel Jones FLEX Najee Harris FLEX Chris Boswell FLEX Chris Manhertz,,,
408,4485756430,Tayhar (2/10),0,72.87,CPT Najee Harris FLEX Malik Nabers FLEX George Pickens FLEX Russell Wilson FLEX Pat Freiermuth FLEX Connor Heyward,,,
409,4485849863,BCeltics00 (8/10),0,72.81,CPT Malik Nabers FLEX George Pickens FLEX Daniel Jones FLEX Najee Harris FLEX Giants  FLEX Theo Johnson,,,
410,4485817700,mrohrbach73 (10/10),0,72.729996,CPT Russell Wilson FLEX Malik Nabers FLEX George Pickens FLEX Najee Harris FLEX Pat Freiermuth FLEX MyCole Pruitt,,,
411,4485666589,larrydr (10/10),0,72.700005,CPT Van Jefferson FLEX George Pickens FLEX Najee Harris FLEX Wan'Dale Robinson FLEX Pat Freiermuth FLEX Steelers ,,,
412,4485705616,ArtfulPossum (1/10),0,72.63,CPT Malik Nabers FLEX Russell Wilson FLEX Daniel Jones FLEX Wan'Dale Robinson FLEX Greg Joseph FLEX Giants ,,,
412,4485818277,dfs_ads (1/5),0,72.63,CPT Malik Nabers FLEX Russell Wilson FLEX Daniel Jones FLEX Wan'Dale Robinson FLEX Greg Joseph FLEX Giants ,,,
414,4485802993,peterbelitz (2/10),0,72.56,CPT Wan'Dale Robinson FLEX Malik Nabers FLEX Daniel Jones FLEX Jaylen Warren FLEX Pat Freiermuth FLEX Tyrone Tracy Jr.,,,
415,4485667869,crosova (1/10),0,72.53,CPT Malik Nabers FLEX Russell Wilson FLEX Daniel Jones FLEX Jaylen Warren FLEX Greg Joseph FLEX Giants ,,,
416,4485766938,Joyjoy1979,0,72.4,CPT George Pickens FLEX Najee Harris FLEX Devin Singletary FLEX Pat Freiermuth FLEX Chris Boswell FLEX Greg Joseph,,,
417,4485694080,smoeller16 (6/10),0,72.17,CPT Malik Nabers FLEX George Pickens FLEX Russell Wilson FLEX Devin Singletary FLEX Greg Joseph FLEX Theo Johnson,,,
418,4485830327,jeremiah12483 (1/2),0,71.92,CPT George Pickens FLEX Malik Nabers FLEX Russell Wilson FLEX Wan'Dale Robinson FLEX Greg Joseph FLEX Darnell Washington,,,
419,4485817699,mrohrbach73 (9/10),0,71.68,CPT George Pickens FLEX Malik Nabers FLEX Russell Wilson FLEX Daniel Jones FLEX Steelers  FLEX MyCole Pruitt,,,
420,4485886429,ssj262 (8/10),0,71.67,CPT Jaylen Warren FLEX George Pickens FLEX Russell Wilson FLEX Najee Harris FLEX Wan'Dale Robinson FLEX Theo Johnson,,,
421,4485795819,kblake440 (3/4),0,71.58,CPT Wan'Dale Robinson FLEX Russell Wilson FLEX Daniel Jones FLEX Devin Singletary FLEX Darius Slayton FLEX Chris Boswell,,,
422,4485888359,slowjamrob (1/2),0,71.2,CPT George Pickens FLEX Malik Nabers FLEX Devin Singletary FLEX Pat Freiermuth FLEX Darius Slayton FLEX Greg Joseph,,,
423,4485786875,Thighbiter (1/2),0,71.130005,CPT Russell Wilson FLEX George Pickens FLEX Najee Harris FLEX Wan'Dale Robinson FLEX Pat Freiermuth FLEX Theo Johnson,,,
424,4485849861,BCeltics00 (6/10),0,70.92,CPT George Pickens FLEX Malik Nabers FLEX Russell Wilson FLEX Pat Freiermuth FLEX Steelers  FLEX Giants ,,,
425,4485768139,Steeler78025TX (1/4),0,70.83,CPT Russell Wilson FLEX George Pickens FLEX Devin Singletary FLEX Pat Freiermuth FLEX Steelers  FLEX Chris Boswell,,,
426,4485817643,SeniorTriton (8/10),0,70.46,CPT Wan'Dale Robinson FLEX Malik Nabers FLEX Daniel Jones FLEX Pat Freiermuth FLEX Darius Slayton FLEX Chris Boswell,,,
427,4485873984,BlkYeezus (1/6),0,70.369995,CPT Devin Singletary FLEX Malik Nabers FLEX Russell Wilson FLEX Steelers  FLEX Chris Boswell FLEX Giants ,,,
428,4485817641,SeniorTriton (6/10),0,70.33,CPT Theo Johnson FLEX Malik Nabers FLEX Russell Wilson FLEX Daniel Jones FLEX Najee Harris FLEX Pat Freiermuth,,,
429,4485891320,smilesp12 (3/10),0,70.08,CPT George Pickens FLEX Russell Wilson FLEX Daniel Jones FLEX Wan'Dale Robinson FLEX Steelers  FLEX Theo Johnson,,,
430,4485744592,Beefy355 (8/10),0,69.58,CPT Wan'Dale Robinson FLEX Malik Nabers FLEX Russell Wilson FLEX Daniel Jones FLEX Chris Boswell FLEX Giants ,,,
431,4485788975,jmoney2186 (9/10),0,69.479996,CPT George Pickens FLEX Russell Wilson FLEX Daniel Jones FLEX Jaylen Warren FLEX Steelers  FLEX Giants ,,,
432,4485682629,vx200 (5/6),0,69.43,CPT Malik Nabers FLEX Russell Wilson FLEX Daniel Jones FLEX Devin Singletary FLEX Chris Boswell FLEX Theo Johnson,,,
433,4485880083,twinsterritory34 (5/6),0,69.31,CPT Devin Singletary FLEX Malik Nabers FLEX Daniel Jones FLEX Najee Harris FLEX Steelers  FLEX Giants ,,,
434,4485911918,arifbilal0812,0,69.020004,CPT George Pickens FLEX Malik Nabers FLEX Russell Wilson FLEX Najee Harris FLEX Pat Freiermuth FLEX Jonathan Ward,,,
435,4485744590,Beefy355 (6/10),0,68.82,CPT George Pickens FLEX Russell Wilson FLEX Jaylen Warren FLEX Steelers  FLEX Chris Boswell FLEX Jalin Hyatt,,,
436,4485818279,dfs_ads (3/5),0,68.78001,CPT Van Jefferson FLEX Malik Nabers FLEX Russell Wilson FLEX Daniel Jones FLEX Wan'Dale Robinson FLEX Jaylen Warren,,,
437,4485694078,smoeller16 (4/10),0,68.53,CPT Malik Nabers FLEX George Pickens FLEX Russell Wilson FLEX Daniel Jones FLEX Giants  FLEX Theo Johnson,,,
437,4485875448,danvita50 (4/10),0,68.53,CPT Malik Nabers FLEX George Pickens FLEX Russell Wilson FLEX Daniel Jones FLEX Giants  FLEX Theo Johnson,,,
439,4485802992,peterbelitz (1/10),0,68.08,CPT Jalin Hyatt FLEX Malik Nabers FLEX George Pickens FLEX Russell Wilson FLEX Daniel Jones FLEX Najee Harris,,,
439,4485817640,SeniorTriton (5/10),0,68.08,CPT Connor Heyward FLEX Malik Nabers FLEX George Pickens FLEX Russell Wilson FLEX Daniel Jones FLEX Najee Harris,,,
441,4485772542,SynZin (1/5),0,67.829994,CPT Darnell Washington FLEX George Pickens FLEX Russell Wilson FLEX Daniel Jones FLEX Najee Harris FLEX Wan'Dale Robinson,,,
442,4485871045,Yeti_75 (7/10),0,67.76,CPT George Pickens FLEX Malik Nabers FLEX Daniel Jones FLEX Jaylen Warren FLEX Greg Joseph FLEX Giants ,,,
443,4485875447,danvita50 (3/10),0,67.18,CPT George Pickens FLEX Malik Nabers FLEX Russell Wilson FLEX Daniel Jones FLEX Giants  FLEX Theo Johnson,,,
444,4485911327,fernbird (2/2),0,67.17,CPT Najee Harris FLEX George Pickens FLEX Russell Wilson FLEX Devin Singletary FLEX Wan'Dale Robinson FLEX Connor Heyward,,,
445,4485744586,Beefy355 (2/10),0,66.92999,CPT Russell Wilson FLEX George Pickens FLEX Jaylen Warren FLEX Pat Freiermuth FLEX Steelers  FLEX Theo Johnson,,,
446,4485817639,SeniorTriton (4/10),0,66.67,CPT Jaylen Warren FLEX Malik Nabers FLEX Russell Wilson FLEX Wan'Dale Robinson FLEX Pat Freiermuth FLEX Chris Boswell,,,
447,4485694084,smoeller16 (10/10),0,66.380005,CPT Wan'Dale Robinson FLEX Russell Wilson FLEX Daniel Jones FLEX Najee Harris FLEX Jaylen Warren FLEX Darnell Washington,,,
447,4485772546,SynZin (5/5),0,66.380005,CPT Wan'Dale Robinson FLEX Russell Wilson FLEX Daniel Jones FLEX Najee Harris FLEX Jaylen Warren FLEX Darnell Washington,,,
449,4485818281,dfs_ads (5/5),0,66.16,CPT Wan'Dale Robinson FLEX Malik Nabers FLEX George Pickens FLEX Daniel Jones FLEX Greg Joseph FLEX Giants ,,,
450,4485733910,dgillespie68 (1/2),0,66.01,CPT Malik Nabers FLEX Daniel Jones FLEX Devin Singletary FLEX Pat Freiermuth FLEX Chris Boswell FLEX Greg Joseph,,,
451,4485694076,smoeller16 (2/10),0,65.979996,CPT Wan'Dale Robinson FLEX George Pickens FLEX Russell Wilson FLEX Daniel Jones FLEX Najee Harris FLEX Scotty Miller,,,
452,4485891325,smilesp12 (8/10),0,65.81,CPT Daniel Jones FLEX Malik Nabers FLEX George Pickens FLEX Russell Wilson FLEX Giants  FLEX Theo Johnson,,,
453,4485778371,bniced (1/10),0,65.31,CPT Malik Nabers FLEX George Pickens FLEX Daniel Jones FLEX Jaylen Warren FLEX Van Jefferson FLEX Giants ,,,
454,4485771803,craiglindamalo (2/2),0,65.27,CPT Pat Freiermuth FLEX Malik Nabers FLEX George Pickens FLEX Russell Wilson FLEX Najee Harris FLEX Daniel Bellinger,,,
455,4485704361,czaman (3/3),0,64.98,CPT Wan'Dale Robinson FLEX Russell Wilson FLEX Daniel Jones FLEX Najee Harris FLEX Pat Freiermuth FLEX Theo Johnson,,,
456,4485766455,MIKEMETAL,0,64.85,CPT Malik Nabers FLEX George Pickens FLEX Devin Singletary FLEX Wan'Dale Robinson FLEX Chris Boswell FLEX Giants ,,,
457,4485871044,Yeti_75 (6/10),0,64.590004,CPT Daniel Jones FLEX Malik Nabers FLEX Najee Harris FLEX Wan'Dale Robinson FLEX Pat Freiermuth FLEX Theo Johnson,,,
458,4485898746,kmcdermitt87 (1/4),0,63.760002,CPT Wan'Dale Robinson FLEX Malik Nabers FLEX Daniel Jones FLEX Najee Harris FLEX Pat Freiermuth FLEX Giants ,,,
459,4485798647,Naomi3294 (3/3),0,63.11,CPT Malik Nabers FLEX Daniel Jones FLEX Devin Singletary FLEX Wan'Dale Robinson FLEX Steelers  FLEX Giants ,,,
460,4485849856,BCeltics00 (1/10),0,62.86,CPT George Pickens FLEX Malik Nabers FLEX Daniel Jones FLEX Najee Harris FLEX Pat Freiermuth FLEX Scotty Miller,,,
461,4485767129,evangoldstein01,0,62.450005,CPT Malik Nabers FLEX Najee Harris FLEX Devin Singletary FLEX Wan'Dale Robinson FLEX Pat Freiermuth FLEX Giants ,,,
462,4485803001,peterbelitz (10/10),0,61.979996,CPT Daniel Bellinger FLEX George Pickens FLEX Russell Wilson FLEX Daniel Jones FLEX Najee Harris FLEX Wan'Dale Robinson,,,
463,4485817636,SeniorTriton (1/10),0,61.22,CPT Giants  FLEX Malik Nabers FLEX George Pickens FLEX Russell Wilson FLEX Wan'Dale Robinson FLEX Pat Freiermuth,,,
464,4485705031,badphred (1/2),0,60.67,CPT Pat Freiermuth FLEX Malik Nabers FLEX George Pickens FLEX Russell Wilson FLEX Wan'Dale Robinson FLEX Theo Johnson,,,
465,4485858161,duanebertonallen (1/2),0,60.35,CPT Jaylen Warren FLEX Malik Nabers FLEX George Pickens FLEX Najee Harris FLEX Pat Freiermuth FLEX Jalin Hyatt,,,
466,4485847290,jwilkinson816 (1/4),0,60.29,CPT Russell Wilson FLEX Malik Nabers FLEX George Pickens FLEX Daniel Jones FLEX Pat Freiermuth FLEX Scotty Miller,,,
467,4485899671,Cooper01,0,58.489998,CPT Daniel Jones FLEX Malik Nabers FLEX Najee Harris FLEX Devin Singletary FLEX Wan'Dale Robinson FLEX Ihmir Smith-Marsette,,,
468,4485757046,Tayhar (5/10),0,58.469997,CPT Darnell Washington FLEX Malik Nabers FLEX George Pickens FLEX Russell Wilson FLEX Devin Singletary FLEX Wan'Dale Robinson,,,
469,4485880293,jwilkinson816 (4/4),0,57.21,CPT Daniel Jones FLEX Malik Nabers FLEX George Pickens FLEX Russell Wilson FLEX Pat Freiermuth FLEX Scotty Miller,,,
470,4485775777,bubbychipps,0,54.78,CPT Wan'Dale Robinson FLEX George Pickens FLEX Russell Wilson FLEX Daniel Jones FLEX Jaylen Warren FLEX Daniel Bellinger,,,
471,4485794368,bniced (4/10),0,54.22,CPT George Pickens FLEX Malik Nabers FLEX Russell Wilson FLEX Devin Singletary FLEX Pat Freiermuth FLEX Jalin Hyatt,,,
472,4485717401,gianni21,0,53.309998,CPT Daniel Jones FLEX George Pickens FLEX Russell Wilson FLEX Pat Freiermuth FLEX Van Jefferson FLEX Daniel Bellinger,,,
473,4485802994,peterbelitz (3/10),0,53.28,CPT Jalin Hyatt FLEX Malik Nabers FLEX George Pickens FLEX Russell Wilson FLEX Daniel Jones FLEX Devin Singletary,,,
474,4485733113,CajunFloridians,0,51.83,CPT Devin Singletary FLEX Russell Wilson FLEX Daniel Jones FLEX Wan'Dale Robinson FLEX Jaylen Warren FLEX Giants ,,,
475,4485798699,tab8385 (7/9),0,49.29,CPT Daniel Jones FLEX Malik Nabers FLEX Devin Singletary FLEX Wan'Dale Robinson FLEX Pat Freiermuth FLEX Giants ,,,
